Address,restaurantNumber,restaurantName,Meal Name,Meal Price,Meal Delivery Price
734 E 400 S,2980,400 South,Balanced Macros Bowl,12.15,15.8
734 E 400 S,2980,400 South,Most Popular Chicken al Pastor Bowl,9.95,12.95
734 E 400 S,2980,400 South,Wholesome Bowl,12.15,15.8
734 E 400 S,2980,400 South,Keto Salad Bowl,9.45,12.3
734 E 400 S,2980,400 South,High Protein Bowl,13.25,17.25
734 E 400 S,2980,400 South,Fan Favorite Chicken Bowl,11.15,14.5
734 E 400 S,2980,400 South,Fan Favorite Steak Salad,13.9,18.05
734 E 400 S,2980,400 South,Veggie Full Bowl,9.45,12.3
734 E 400 S,2980,400 South,Fan Favorite Veggie Burrito,9.45,12.3
734 E 400 S,2980,400 South,Plant Powered Bowl,12.15,15.8
734 E 400 S,2980,400 South,Go Half Veggie Bowl,9.45,12.3
10387 S State St,1104,Sandy,Balanced Macros Bowl,11.8,15.35
10387 S State St,1104,Sandy,Most Popular Chicken al Pastor Bowl,9.6,12.5
10387 S State St,1104,Sandy,Wholesome Bowl,11.8,15.35
10387 S State St,1104,Sandy,Keto Salad Bowl,9.1,11.85
10387 S State St,1104,Sandy,High Protein Bowl,12.65,16.45
10387 S State St,1104,Sandy,Fan Favorite Chicken Bowl,10.8,14.05
10387 S State St,1104,Sandy,Fan Favorite Steak Salad,13.55,17.6
10387 S State St,1104,Sandy,Veggie Full Bowl,9.1,11.85
10387 S State St,1104,Sandy,Fan Favorite Veggie Burrito,9.1,11.85
10387 S State St,1104,Sandy,Plant Powered Bowl,11.8,15.35
10387 S State St,1104,Sandy,Go Half Veggie Bowl,9.1,11.85
5141 S State St,2532,Murray,Balanced Macros Bowl,12.15,15.8
5141 S State St,2532,Murray,Most Popular Chicken al Pastor Bowl,9.95,12.95
5141 S State St,2532,Murray,Wholesome Bowl,12.15,15.8
5141 S State St,2532,Murray,Keto Salad Bowl,9.45,12.3
5141 S State St,2532,Murray,High Protein Bowl,13.25,17.25
5141 S State St,2532,Murray,Fan Favorite Chicken Bowl,11.15,14.5
5141 S State St,2532,Murray,Fan Favorite Steak Salad,13.9,18.05
5141 S State St,2532,Murray,Veggie Full Bowl,9.45,12.3
5141 S State St,2532,Murray,Fan Favorite Veggie Burrito,9.45,12.3
5141 S State St,2532,Murray,Plant Powered Bowl,12.15,15.8
5141 S State St,2532,Murray,Go Half Veggie Bowl,9.45,12.3
3561 W 11400 S,4198,South Jordan,Balanced Macros Bowl,11.75,15.3
3561 W 11400 S,4198,South Jordan,Most Popular Chicken al Pastor Bowl,9.6,12.5
3561 W 11400 S,4198,South Jordan,Wholesome Bowl,11.75,15.3
3561 W 11400 S,4198,South Jordan,Keto Salad Bowl,9.1,11.85
3561 W 11400 S,4198,South Jordan,High Protein Bowl,12.65,16.45
3561 W 11400 S,4198,South Jordan,Fan Favorite Chicken Bowl,10.8,14.05
3561 W 11400 S,4198,South Jordan,Fan Favorite Steak Salad,13.5,17.55
3561 W 11400 S,4198,South Jordan,Veggie Full Bowl,9.1,11.85
3561 W 11400 S,4198,South Jordan,Fan Favorite Veggie Burrito,9.1,11.85
3561 W 11400 S,4198,South Jordan,Plant Powered Bowl,11.75,15.3
3561 W 11400 S,4198,South Jordan,Go Half Veggie Bowl,9.1,11.85
6924 S Park Centre Dr,954,Fort Union,Balanced Macros Bowl,12.15,15.8
6924 S Park Centre Dr,954,Fort Union,Most Popular Chicken al Pastor Bowl,9.95,12.95
6924 S Park Centre Dr,954,Fort Union,Wholesome Bowl,12.15,15.8
6924 S Park Centre Dr,954,Fort Union,Keto Salad Bowl,9.45,12.3
6924 S Park Centre Dr,954,Fort Union,High Protein Bowl,13.25,17.25
6924 S Park Centre Dr,954,Fort Union,Fan Favorite Chicken Bowl,11.15,14.5
6924 S Park Centre Dr,954,Fort Union,Fan Favorite Steak Salad,13.9,18.05
6924 S Park Centre Dr,954,Fort Union,Veggie Full Bowl,9.45,12.3
6924 S Park Centre Dr,954,Fort Union,Fan Favorite Veggie Burrito,9.45,12.3
6924 S Park Centre Dr,954,Fort Union,Plant Powered Bowl,12.15,15.8
6924 S Park Centre Dr,954,Fort Union,Go Half Veggie Bowl,9.45,12.3
209 N Sullivan Rd,3733,Spokane Valley,Balanced Macros Bowl,12.0,15.6
209 N Sullivan Rd,3733,Spokane Valley,Most Popular Chicken al Pastor Bowl,9.85,12.8
209 N Sullivan Rd,3733,Spokane Valley,Wholesome Bowl,12.0,15.6
209 N Sullivan Rd,3733,Spokane Valley,Keto Salad Bowl,9.35,12.15
209 N Sullivan Rd,3733,Spokane Valley,High Protein Bowl,13.05,16.95
209 N Sullivan Rd,3733,Spokane Valley,Fan Favorite Chicken Bowl,10.95,14.25
209 N Sullivan Rd,3733,Spokane Valley,Fan Favorite Steak Salad,13.75,17.9
209 N Sullivan Rd,3733,Spokane Valley,Veggie Full Bowl,9.35,12.15
209 N Sullivan Rd,3733,Spokane Valley,Fan Favorite Veggie Burrito,9.35,12.15
209 N Sullivan Rd,3733,Spokane Valley,Plant Powered Bowl,12.0,15.6
209 N Sullivan Rd,3733,Spokane Valley,Go Half Veggie Bowl,9.35,12.15
3849 W. Campus Dr.,4230,West Jordan,Balanced Macros Bowl,12.15,15.8
3849 W. Campus Dr.,4230,West Jordan,Most Popular Chicken al Pastor Bowl,9.95,12.95
3849 W. Campus Dr.,4230,West Jordan,Wholesome Bowl,12.15,15.8
3849 W. Campus Dr.,4230,West Jordan,Keto Salad Bowl,9.45,12.3
3849 W. Campus Dr.,4230,West Jordan,High Protein Bowl,13.25,17.25
3849 W. Campus Dr.,4230,West Jordan,Fan Favorite Chicken Bowl,11.15,14.5
3849 W. Campus Dr.,4230,West Jordan,Fan Favorite Steak Salad,13.9,18.05
3849 W. Campus Dr.,4230,West Jordan,Veggie Full Bowl,9.45,12.3
3849 W. Campus Dr.,4230,West Jordan,Fan Favorite Veggie Burrito,9.45,12.3
3849 W. Campus Dr.,4230,West Jordan,Plant Powered Bowl,12.15,15.8
3849 W. Campus Dr.,4230,West Jordan,Go Half Veggie Bowl,9.45,12.3
1035 W Antelope Dr Unit 2,2536,Layton,Balanced Macros Bowl,12.0,15.6
1035 W Antelope Dr Unit 2,2536,Layton,Most Popular Chicken al Pastor Bowl,9.85,12.8
1035 W Antelope Dr Unit 2,2536,Layton,Wholesome Bowl,12.0,15.6
1035 W Antelope Dr Unit 2,2536,Layton,Keto Salad Bowl,9.35,12.15
1035 W Antelope Dr Unit 2,2536,Layton,High Protein Bowl,13.05,16.95
1035 W Antelope Dr Unit 2,2536,Layton,Fan Favorite Chicken Bowl,10.95,14.25
1035 W Antelope Dr Unit 2,2536,Layton,Fan Favorite Steak Salad,13.75,17.9
1035 W Antelope Dr Unit 2,2536,Layton,Veggie Full Bowl,9.35,12.15
1035 W Antelope Dr Unit 2,2536,Layton,Fan Favorite Veggie Burrito,9.35,12.15
1035 W Antelope Dr Unit 2,2536,Layton,Plant Powered Bowl,12.0,15.6
1035 W Antelope Dr Unit 2,2536,Layton,Go Half Veggie Bowl,9.35,12.15
715 E University Pkwy,2533,University Mall,Balanced Macros Bowl,11.8,15.35
715 E University Pkwy,2533,University Mall,Most Popular Chicken al Pastor Bowl,9.6,12.5
715 E University Pkwy,2533,University Mall,Wholesome Bowl,11.8,15.35
715 E University Pkwy,2533,University Mall,Keto Salad Bowl,9.1,11.85
715 E University Pkwy,2533,University Mall,High Protein Bowl,12.65,16.45
715 E University Pkwy,2533,University Mall,Fan Favorite Chicken Bowl,10.8,14.05
715 E University Pkwy,2533,University Mall,Fan Favorite Steak Salad,13.55,17.6
715 E University Pkwy,2533,University Mall,Veggie Full Bowl,9.1,11.85
715 E University Pkwy,2533,University Mall,Fan Favorite Veggie Burrito,9.1,11.85
715 E University Pkwy,2533,University Mall,Plant Powered Bowl,11.8,15.35
715 E University Pkwy,2533,University Mall,Go Half Veggie Bowl,9.1,11.85
231 Red Cliffs Dr,2511,St. George,Balanced Macros Bowl,12.0,15.6
231 Red Cliffs Dr,2511,St. George,Most Popular Chicken al Pastor Bowl,9.85,12.8
231 Red Cliffs Dr,2511,St. George,Wholesome Bowl,12.0,15.6
231 Red Cliffs Dr,2511,St. George,Keto Salad Bowl,9.35,12.15
231 Red Cliffs Dr,2511,St. George,High Protein Bowl,13.05,16.95
231 Red Cliffs Dr,2511,St. George,Fan Favorite Chicken Bowl,10.95,14.25
231 Red Cliffs Dr,2511,St. George,Fan Favorite Steak Salad,13.75,17.9
231 Red Cliffs Dr,2511,St. George,Veggie Full Bowl,9.35,12.15
231 Red Cliffs Dr,2511,St. George,Fan Favorite Veggie Burrito,9.35,12.15
231 Red Cliffs Dr,2511,St. George,Plant Powered Bowl,12.0,15.6
231 Red Cliffs Dr,2511,St. George,Go Half Veggie Bowl,9.35,12.15
1124 Shiloh Crossing BLVD,4504,Southwest Billings,Balanced Macros Bowl,11.75,15.3
1124 Shiloh Crossing BLVD,4504,Southwest Billings,Most Popular Chicken al Pastor Bowl,9.6,12.5
1124 Shiloh Crossing BLVD,4504,Southwest Billings,Wholesome Bowl,11.75,15.3
1124 Shiloh Crossing BLVD,4504,Southwest Billings,Keto Salad Bowl,9.1,11.85
1124 Shiloh Crossing BLVD,4504,Southwest Billings,High Protein Bowl,12.65,16.45
1124 Shiloh Crossing BLVD,4504,Southwest Billings,Fan Favorite Chicken Bowl,10.8,14.05
1124 Shiloh Crossing BLVD,4504,Southwest Billings,Fan Favorite Steak Salad,13.5,17.55
1124 Shiloh Crossing BLVD,4504,Southwest Billings,Veggie Full Bowl,9.1,11.85
1124 Shiloh Crossing BLVD,4504,Southwest Billings,Fan Favorite Veggie Burrito,9.1,11.85
1124 Shiloh Crossing BLVD,4504,Southwest Billings,Plant Powered Bowl,11.75,15.3
1124 Shiloh Crossing BLVD,4504,Southwest Billings,Go Half Veggie Bowl,9.1,11.85
1011 E 2100 S,974,Sugarhouse,Balanced Macros Bowl,11.95,15.55
1011 E 2100 S,974,Sugarhouse,Most Popular Chicken al Pastor Bowl,9.75,12.7
1011 E 2100 S,974,Sugarhouse,Wholesome Bowl,11.95,15.55
1011 E 2100 S,974,Sugarhouse,Keto Salad Bowl,9.25,12.05
1011 E 2100 S,974,Sugarhouse,High Protein Bowl,12.9,16.8
1011 E 2100 S,974,Sugarhouse,Fan Favorite Chicken Bowl,10.95,14.25
1011 E 2100 S,974,Sugarhouse,Fan Favorite Steak Salad,13.7,17.8
1011 E 2100 S,974,Sugarhouse,Veggie Full Bowl,9.25,12.05
1011 E 2100 S,974,Sugarhouse,Fan Favorite Veggie Burrito,9.25,12.05
1011 E 2100 S,974,Sugarhouse,Plant Powered Bowl,11.95,15.55
1011 E 2100 S,974,Sugarhouse,Go Half Veggie Bowl,9.25,12.05
1311 W Sunset Rd Ste 100,320,Sunset Station,Balanced Macros Bowl,11.25,14.65
1311 W Sunset Rd Ste 100,320,Sunset Station,Most Popular Chicken al Pastor Bowl,9.1,11.85
1311 W Sunset Rd Ste 100,320,Sunset Station,Wholesome Bowl,11.25,14.65
1311 W Sunset Rd Ste 100,320,Sunset Station,Keto Salad Bowl,8.6,11.2
1311 W Sunset Rd Ste 100,320,Sunset Station,High Protein Bowl,12.0,15.6
1311 W Sunset Rd Ste 100,320,Sunset Station,Fan Favorite Chicken Bowl,10.05,13.1
1311 W Sunset Rd Ste 100,320,Sunset Station,Fan Favorite Steak Salad,13.0,16.9
1311 W Sunset Rd Ste 100,320,Sunset Station,Veggie Full Bowl,8.6,11.2
1311 W Sunset Rd Ste 100,320,Sunset Station,Fan Favorite Veggie Burrito,8.6,11.2
1311 W Sunset Rd Ste 100,320,Sunset Station,Plant Powered Bowl,11.25,14.65
1311 W Sunset Rd Ste 100,320,Sunset Station,Go Half Veggie Bowl,8.6,11.2
135 N 500 W Ste A,953,West Bountiful,Balanced Macros Bowl,12.0,15.6
135 N 500 W Ste A,953,West Bountiful,Most Popular Chicken al Pastor Bowl,9.85,12.8
135 N 500 W Ste A,953,West Bountiful,Wholesome Bowl,12.0,15.6
135 N 500 W Ste A,953,West Bountiful,Keto Salad Bowl,9.35,12.15
135 N 500 W Ste A,953,West Bountiful,High Protein Bowl,13.05,16.95
135 N 500 W Ste A,953,West Bountiful,Fan Favorite Chicken Bowl,10.95,14.25
135 N 500 W Ste A,953,West Bountiful,Fan Favorite Steak Salad,13.75,17.9
135 N 500 W Ste A,953,West Bountiful,Veggie Full Bowl,9.35,12.15
135 N 500 W Ste A,953,West Bountiful,Fan Favorite Veggie Burrito,9.35,12.15
135 N 500 W Ste A,953,West Bountiful,Plant Powered Bowl,12.0,15.6
135 N 500 W Ste A,953,West Bountiful,Go Half Veggie Bowl,9.35,12.15
2995 N Reserve St Ste A,2495,Missoula,Balanced Macros Bowl,12.0,15.6
2995 N Reserve St Ste A,2495,Missoula,Most Popular Chicken al Pastor Bowl,9.85,12.8
2995 N Reserve St Ste A,2495,Missoula,Wholesome Bowl,12.0,15.6
2995 N Reserve St Ste A,2495,Missoula,Keto Salad Bowl,9.35,12.15
2995 N Reserve St Ste A,2495,Missoula,High Protein Bowl,13.05,16.95
2995 N Reserve St Ste A,2495,Missoula,Fan Favorite Chicken Bowl,10.95,14.25
2995 N Reserve St Ste A,2495,Missoula,Fan Favorite Steak Salad,13.75,17.9
2995 N Reserve St Ste A,2495,Missoula,Veggie Full Bowl,9.35,12.15
2995 N Reserve St Ste A,2495,Missoula,Fan Favorite Veggie Burrito,9.35,12.15
2995 N Reserve St Ste A,2495,Missoula,Plant Powered Bowl,12.0,15.6
2995 N Reserve St Ste A,2495,Missoula,Go Half Veggie Bowl,9.35,12.15
889 N Redwood Rd # 100,3954,Saratoga Springs - UT,Balanced Macros Bowl,11.75,15.3
889 N Redwood Rd # 100,3954,Saratoga Springs - UT,Most Popular Chicken al Pastor Bowl,9.6,12.5
889 N Redwood Rd # 100,3954,Saratoga Springs - UT,Wholesome Bowl,11.75,15.3
889 N Redwood Rd # 100,3954,Saratoga Springs - UT,Keto Salad Bowl,9.1,11.85
889 N Redwood Rd # 100,3954,Saratoga Springs - UT,High Protein Bowl,12.65,16.45
889 N Redwood Rd # 100,3954,Saratoga Springs - UT,Fan Favorite Chicken Bowl,10.8,14.05
889 N Redwood Rd # 100,3954,Saratoga Springs - UT,Fan Favorite Steak Salad,13.5,17.55
889 N Redwood Rd # 100,3954,Saratoga Springs - UT,Veggie Full Bowl,9.1,11.85
889 N Redwood Rd # 100,3954,Saratoga Springs - UT,Fan Favorite Veggie Burrito,9.1,11.85
889 N Redwood Rd # 100,3954,Saratoga Springs - UT,Plant Powered Bowl,11.75,15.3
889 N Redwood Rd # 100,3954,Saratoga Springs - UT,Go Half Veggie Bowl,9.1,11.85
1269 Washington Blvd,4174,12th & Washington,Balanced Macros Bowl,12.0,15.6
1269 Washington Blvd,4174,12th & Washington,Most Popular Chicken al Pastor Bowl,9.85,12.8
1269 Washington Blvd,4174,12th & Washington,Wholesome Bowl,12.0,15.6
1269 Washington Blvd,4174,12th & Washington,Keto Salad Bowl,9.35,12.15
1269 Washington Blvd,4174,12th & Washington,High Protein Bowl,13.05,16.95
1269 Washington Blvd,4174,12th & Washington,Fan Favorite Chicken Bowl,10.95,14.25
1269 Washington Blvd,4174,12th & Washington,Fan Favorite Steak Salad,13.75,17.9
1269 Washington Blvd,4174,12th & Washington,Veggie Full Bowl,9.35,12.15
1269 Washington Blvd,4174,12th & Washington,Fan Favorite Veggie Burrito,9.35,12.15
1269 Washington Blvd,4174,12th & Washington,Plant Powered Bowl,12.0,15.6
1269 Washington Blvd,4174,12th & Washington,Go Half Veggie Bowl,9.35,12.15
5330 W Rosecrans Ave,204,Hawthorne,Balanced Macros Bowl,12.4,16.15
5330 W Rosecrans Ave,204,Hawthorne,Most Popular Chicken al Pastor Bowl,10.1,13.15
5330 W Rosecrans Ave,204,Hawthorne,Wholesome Bowl,12.4,16.15
5330 W Rosecrans Ave,204,Hawthorne,Keto Salad Bowl,9.6,12.5
5330 W Rosecrans Ave,204,Hawthorne,High Protein Bowl,13.35,17.4
5330 W Rosecrans Ave,204,Hawthorne,Fan Favorite Chicken Bowl,11.2,14.6
5330 W Rosecrans Ave,204,Hawthorne,Fan Favorite Steak Salad,14.15,18.4
5330 W Rosecrans Ave,204,Hawthorne,Veggie Full Bowl,9.6,12.5
5330 W Rosecrans Ave,204,Hawthorne,Fan Favorite Veggie Burrito,9.6,12.5
5330 W Rosecrans Ave,204,Hawthorne,Plant Powered Bowl,12.4,16.15
5330 W Rosecrans Ave,204,Hawthorne,Go Half Veggie Bowl,9.6,12.5
4599 W Partridge Hill Ln Ste PD-D1,3971,Riverton,Balanced Macros Bowl,11.95,15.55
4599 W Partridge Hill Ln Ste PD-D1,3971,Riverton,Most Popular Chicken al Pastor Bowl,9.75,12.7
4599 W Partridge Hill Ln Ste PD-D1,3971,Riverton,Wholesome Bowl,11.95,15.55
4599 W Partridge Hill Ln Ste PD-D1,3971,Riverton,Keto Salad Bowl,9.25,12.05
4599 W Partridge Hill Ln Ste PD-D1,3971,Riverton,High Protein Bowl,12.9,16.8
4599 W Partridge Hill Ln Ste PD-D1,3971,Riverton,Fan Favorite Chicken Bowl,10.95,14.25
4599 W Partridge Hill Ln Ste PD-D1,3971,Riverton,Fan Favorite Steak Salad,13.7,17.8
4599 W Partridge Hill Ln Ste PD-D1,3971,Riverton,Veggie Full Bowl,9.25,12.05
4599 W Partridge Hill Ln Ste PD-D1,3971,Riverton,Fan Favorite Veggie Burrito,9.25,12.05
4599 W Partridge Hill Ln Ste PD-D1,3971,Riverton,Plant Powered Bowl,11.95,15.55
4599 W Partridge Hill Ln Ste PD-D1,3971,Riverton,Go Half Veggie Bowl,9.25,12.05
3601 N Digital Dr Ste 202,2591,Lehi,Balanced Macros Bowl,12.0,15.6
3601 N Digital Dr Ste 202,2591,Lehi,Most Popular Chicken al Pastor Bowl,9.85,12.8
3601 N Digital Dr Ste 202,2591,Lehi,Wholesome Bowl,12.0,15.6
3601 N Digital Dr Ste 202,2591,Lehi,Keto Salad Bowl,9.35,12.15
3601 N Digital Dr Ste 202,2591,Lehi,High Protein Bowl,13.05,16.95
3601 N Digital Dr Ste 202,2591,Lehi,Fan Favorite Chicken Bowl,10.95,14.25
3601 N Digital Dr Ste 202,2591,Lehi,Fan Favorite Steak Salad,13.75,17.9
3601 N Digital Dr Ste 202,2591,Lehi,Veggie Full Bowl,9.35,12.15
3601 N Digital Dr Ste 202,2591,Lehi,Fan Favorite Veggie Burrito,9.35,12.15
3601 N Digital Dr Ste 202,2591,Lehi,Plant Powered Bowl,12.0,15.6
3601 N Digital Dr Ste 202,2591,Lehi,Go Half Veggie Bowl,9.35,12.15
8620 W Sunset Rd,3421,Sunset and Durango,Balanced Macros Bowl,11.75,15.3
8620 W Sunset Rd,3421,Sunset and Durango,Most Popular Chicken al Pastor Bowl,9.6,12.5
8620 W Sunset Rd,3421,Sunset and Durango,Wholesome Bowl,11.75,15.3
8620 W Sunset Rd,3421,Sunset and Durango,Keto Salad Bowl,9.1,11.85
8620 W Sunset Rd,3421,Sunset and Durango,High Protein Bowl,12.65,16.45
8620 W Sunset Rd,3421,Sunset and Durango,Fan Favorite Chicken Bowl,10.8,14.05
8620 W Sunset Rd,3421,Sunset and Durango,Fan Favorite Steak Salad,13.5,17.55
8620 W Sunset Rd,3421,Sunset and Durango,Veggie Full Bowl,9.1,11.85
8620 W Sunset Rd,3421,Sunset and Durango,Fan Favorite Veggie Burrito,9.1,11.85
8620 W Sunset Rd,3421,Sunset and Durango,Plant Powered Bowl,11.75,15.3
8620 W Sunset Rd,3421,Sunset and Durango,Go Half Veggie Bowl,9.1,11.85
9210 S Eastern Ave,3494,Eastern Beltway,Balanced Macros Bowl,11.75,15.3
9210 S Eastern Ave,3494,Eastern Beltway,Most Popular Chicken al Pastor Bowl,9.6,12.5
9210 S Eastern Ave,3494,Eastern Beltway,Wholesome Bowl,11.75,15.3
9210 S Eastern Ave,3494,Eastern Beltway,Keto Salad Bowl,9.1,11.85
9210 S Eastern Ave,3494,Eastern Beltway,High Protein Bowl,12.65,16.45
9210 S Eastern Ave,3494,Eastern Beltway,Fan Favorite Chicken Bowl,10.8,14.05
9210 S Eastern Ave,3494,Eastern Beltway,Fan Favorite Steak Salad,13.5,17.55
9210 S Eastern Ave,3494,Eastern Beltway,Veggie Full Bowl,9.1,11.85
9210 S Eastern Ave,3494,Eastern Beltway,Fan Favorite Veggie Burrito,9.1,11.85
9210 S Eastern Ave,3494,Eastern Beltway,Plant Powered Bowl,11.75,15.3
9210 S Eastern Ave,3494,Eastern Beltway,Go Half Veggie Bowl,9.1,11.85
3333 Olney Sandy Springs Rd,1449,Olney,Balanced Macros Bowl,12.4,16.15
3333 Olney Sandy Springs Rd,1449,Olney,Most Popular Chicken al Pastor Bowl,10.1,13.15
3333 Olney Sandy Springs Rd,1449,Olney,Wholesome Bowl,12.4,16.15
3333 Olney Sandy Springs Rd,1449,Olney,Keto Salad Bowl,9.6,12.5
3333 Olney Sandy Springs Rd,1449,Olney,High Protein Bowl,13.35,17.4
3333 Olney Sandy Springs Rd,1449,Olney,Fan Favorite Chicken Bowl,11.2,14.6
3333 Olney Sandy Springs Rd,1449,Olney,Fan Favorite Steak Salad,14.15,18.4
3333 Olney Sandy Springs Rd,1449,Olney,Veggie Full Bowl,9.6,12.5
3333 Olney Sandy Springs Rd,1449,Olney,Fan Favorite Veggie Burrito,9.6,12.5
3333 Olney Sandy Springs Rd,1449,Olney,Plant Powered Bowl,12.4,16.15
3333 Olney Sandy Springs Rd,1449,Olney,Go Half Veggie Bowl,9.6,12.5
6299 Seven Corners Ctr,722,Arlington Boulevard,Balanced Macros Bowl,12.6,16.4
6299 Seven Corners Ctr,722,Arlington Boulevard,Most Popular Chicken al Pastor Bowl,10.25,13.35
6299 Seven Corners Ctr,722,Arlington Boulevard,Wholesome Bowl,12.6,16.4
6299 Seven Corners Ctr,722,Arlington Boulevard,Keto Salad Bowl,9.75,12.7
6299 Seven Corners Ctr,722,Arlington Boulevard,High Protein Bowl,13.5,17.6
6299 Seven Corners Ctr,722,Arlington Boulevard,Fan Favorite Chicken Bowl,11.35,14.8
6299 Seven Corners Ctr,722,Arlington Boulevard,Fan Favorite Steak Salad,14.35,18.65
6299 Seven Corners Ctr,722,Arlington Boulevard,Veggie Full Bowl,9.75,12.7
6299 Seven Corners Ctr,722,Arlington Boulevard,Fan Favorite Veggie Burrito,9.75,12.7
6299 Seven Corners Ctr,722,Arlington Boulevard,Plant Powered Bowl,12.6,16.4
6299 Seven Corners Ctr,722,Arlington Boulevard,Go Half Veggie Bowl,9.75,12.7
841 E Highway 6,4049,Spanish Fork,Balanced Macros Bowl,11.75,15.3
841 E Highway 6,4049,Spanish Fork,Most Popular Chicken al Pastor Bowl,9.6,12.5
841 E Highway 6,4049,Spanish Fork,Wholesome Bowl,11.75,15.3
841 E Highway 6,4049,Spanish Fork,Keto Salad Bowl,9.1,11.85
841 E Highway 6,4049,Spanish Fork,High Protein Bowl,12.65,16.45
841 E Highway 6,4049,Spanish Fork,Fan Favorite Chicken Bowl,10.8,14.05
841 E Highway 6,4049,Spanish Fork,Fan Favorite Steak Salad,13.5,17.55
841 E Highway 6,4049,Spanish Fork,Veggie Full Bowl,9.1,11.85
841 E Highway 6,4049,Spanish Fork,Fan Favorite Veggie Burrito,9.1,11.85
841 E Highway 6,4049,Spanish Fork,Plant Powered Bowl,11.75,15.3
841 E Highway 6,4049,Spanish Fork,Go Half Veggie Bowl,9.1,11.85
1284 N University Ave,4058,Cougar & University,Balanced Macros Bowl,11.95,15.55
1284 N University Ave,4058,Cougar & University,Most Popular Chicken al Pastor Bowl,9.75,12.7
1284 N University Ave,4058,Cougar & University,Wholesome Bowl,11.95,15.55
1284 N University Ave,4058,Cougar & University,Keto Salad Bowl,9.25,12.05
1284 N University Ave,4058,Cougar & University,High Protein Bowl,12.9,16.8
1284 N University Ave,4058,Cougar & University,Fan Favorite Chicken Bowl,10.95,14.25
1284 N University Ave,4058,Cougar & University,Fan Favorite Steak Salad,13.7,17.8
1284 N University Ave,4058,Cougar & University,Veggie Full Bowl,9.25,12.05
1284 N University Ave,4058,Cougar & University,Fan Favorite Veggie Burrito,9.25,12.05
1284 N University Ave,4058,Cougar & University,Plant Powered Bowl,11.95,15.55
1284 N University Ave,4058,Cougar & University,Go Half Veggie Bowl,9.25,12.05
24405 Town Center Dr,1385,Valencia Towne Center,Balanced Macros Bowl,12.0,15.6
24405 Town Center Dr,1385,Valencia Towne Center,Most Popular Chicken al Pastor Bowl,9.85,12.8
24405 Town Center Dr,1385,Valencia Towne Center,Wholesome Bowl,12.0,15.6
24405 Town Center Dr,1385,Valencia Towne Center,Keto Salad Bowl,9.35,12.15
24405 Town Center Dr,1385,Valencia Towne Center,High Protein Bowl,13.05,16.95
24405 Town Center Dr,1385,Valencia Towne Center,Fan Favorite Chicken Bowl,10.95,14.25
24405 Town Center Dr,1385,Valencia Towne Center,Fan Favorite Steak Salad,13.75,17.9
24405 Town Center Dr,1385,Valencia Towne Center,Veggie Full Bowl,9.35,12.15
24405 Town Center Dr,1385,Valencia Towne Center,Fan Favorite Veggie Burrito,9.35,12.15
24405 Town Center Dr,1385,Valencia Towne Center,Plant Powered Bowl,12.0,15.6
24405 Town Center Dr,1385,Valencia Towne Center,Go Half Veggie Bowl,9.35,12.15
2470 W Happy Valley Rd Ste 1181,1119,Nortera,Balanced Macros Bowl,12.15,15.8
2470 W Happy Valley Rd Ste 1181,1119,Nortera,Most Popular Chicken al Pastor Bowl,9.95,12.95
2470 W Happy Valley Rd Ste 1181,1119,Nortera,Wholesome Bowl,12.15,15.8
2470 W Happy Valley Rd Ste 1181,1119,Nortera,Keto Salad Bowl,9.45,12.3
2470 W Happy Valley Rd Ste 1181,1119,Nortera,High Protein Bowl,13.25,17.25
2470 W Happy Valley Rd Ste 1181,1119,Nortera,Fan Favorite Chicken Bowl,11.15,14.5
2470 W Happy Valley Rd Ste 1181,1119,Nortera,Fan Favorite Steak Salad,13.9,18.05
2470 W Happy Valley Rd Ste 1181,1119,Nortera,Veggie Full Bowl,9.45,12.3
2470 W Happy Valley Rd Ste 1181,1119,Nortera,Fan Favorite Veggie Burrito,9.45,12.3
2470 W Happy Valley Rd Ste 1181,1119,Nortera,Plant Powered Bowl,12.15,15.8
2470 W Happy Valley Rd Ste 1181,1119,Nortera,Go Half Veggie Bowl,9.45,12.3
731 S Main St,4282,South Logan,Balanced Macros Bowl,11.8,15.35
731 S Main St,4282,South Logan,Most Popular Chicken al Pastor Bowl,9.6,12.5
731 S Main St,4282,South Logan,Wholesome Bowl,11.8,15.35
731 S Main St,4282,South Logan,Keto Salad Bowl,9.1,11.85
731 S Main St,4282,South Logan,High Protein Bowl,12.65,16.45
731 S Main St,4282,South Logan,Fan Favorite Chicken Bowl,10.8,14.05
731 S Main St,4282,South Logan,Fan Favorite Steak Salad,13.55,17.6
731 S Main St,4282,South Logan,Veggie Full Bowl,9.1,11.85
731 S Main St,4282,South Logan,Fan Favorite Veggie Burrito,9.1,11.85
731 S Main St,4282,South Logan,Plant Powered Bowl,11.8,15.35
731 S Main St,4282,South Logan,Go Half Veggie Bowl,9.1,11.85
52 E Camelback Road,2808,Uptown,Balanced Macros Bowl,12.15,15.8
52 E Camelback Road,2808,Uptown,Most Popular Chicken al Pastor Bowl,9.95,12.95
52 E Camelback Road,2808,Uptown,Wholesome Bowl,12.15,15.8
52 E Camelback Road,2808,Uptown,Keto Salad Bowl,9.45,12.3
52 E Camelback Road,2808,Uptown,High Protein Bowl,13.25,17.25
52 E Camelback Road,2808,Uptown,Fan Favorite Chicken Bowl,11.15,14.5
52 E Camelback Road,2808,Uptown,Fan Favorite Steak Salad,13.9,18.05
52 E Camelback Road,2808,Uptown,Veggie Full Bowl,9.45,12.3
52 E Camelback Road,2808,Uptown,Fan Favorite Veggie Burrito,9.45,12.3
52 E Camelback Road,2808,Uptown,Plant Powered Bowl,12.15,15.8
52 E Camelback Road,2808,Uptown,Go Half Veggie Bowl,9.45,12.3
1351 S Providence Center Dr,3994,Cedar City,Balanced Macros Bowl,11.4,14.85
1351 S Providence Center Dr,3994,Cedar City,Most Popular Chicken al Pastor Bowl,9.25,12.05
1351 S Providence Center Dr,3994,Cedar City,Wholesome Bowl,11.4,14.85
1351 S Providence Center Dr,3994,Cedar City,Keto Salad Bowl,8.75,11.4
1351 S Providence Center Dr,3994,Cedar City,High Protein Bowl,12.2,15.9
1351 S Providence Center Dr,3994,Cedar City,Fan Favorite Chicken Bowl,10.3,13.4
1351 S Providence Center Dr,3994,Cedar City,Fan Favorite Steak Salad,13.15,17.1
1351 S Providence Center Dr,3994,Cedar City,Veggie Full Bowl,8.75,11.4
1351 S Providence Center Dr,3994,Cedar City,Fan Favorite Veggie Burrito,8.75,11.4
1351 S Providence Center Dr,3994,Cedar City,Plant Powered Bowl,11.4,14.85
1351 S Providence Center Dr,3994,Cedar City,Go Half Veggie Bowl,8.75,11.4
27511 San Bernardino Ave,2647,Mountain Grove,Balanced Macros Bowl,12.0,15.6
27511 San Bernardino Ave,2647,Mountain Grove,Most Popular Chicken al Pastor Bowl,9.85,12.8
27511 San Bernardino Ave,2647,Mountain Grove,Wholesome Bowl,12.0,15.6
27511 San Bernardino Ave,2647,Mountain Grove,Keto Salad Bowl,9.35,12.15
27511 San Bernardino Ave,2647,Mountain Grove,High Protein Bowl,13.05,16.95
27511 San Bernardino Ave,2647,Mountain Grove,Fan Favorite Chicken Bowl,10.95,14.25
27511 San Bernardino Ave,2647,Mountain Grove,Fan Favorite Steak Salad,13.75,17.9
27511 San Bernardino Ave,2647,Mountain Grove,Veggie Full Bowl,9.35,12.15
27511 San Bernardino Ave,2647,Mountain Grove,Fan Favorite Veggie Burrito,9.35,12.15
27511 San Bernardino Ave,2647,Mountain Grove,Plant Powered Bowl,12.0,15.6
27511 San Bernardino Ave,2647,Mountain Grove,Go Half Veggie Bowl,9.35,12.15
5747 Burke Centre Pkwy,879,Burke Centre,Balanced Macros Bowl,12.6,16.4
5747 Burke Centre Pkwy,879,Burke Centre,Most Popular Chicken al Pastor Bowl,10.25,13.35
5747 Burke Centre Pkwy,879,Burke Centre,Wholesome Bowl,12.6,16.4
5747 Burke Centre Pkwy,879,Burke Centre,Keto Salad Bowl,9.75,12.7
5747 Burke Centre Pkwy,879,Burke Centre,High Protein Bowl,13.5,17.6
5747 Burke Centre Pkwy,879,Burke Centre,Fan Favorite Chicken Bowl,11.35,14.8
5747 Burke Centre Pkwy,879,Burke Centre,Fan Favorite Steak Salad,14.35,18.65
5747 Burke Centre Pkwy,879,Burke Centre,Veggie Full Bowl,9.75,12.7
5747 Burke Centre Pkwy,879,Burke Centre,Fan Favorite Veggie Burrito,9.75,12.7
5747 Burke Centre Pkwy,879,Burke Centre,Plant Powered Bowl,12.6,16.4
5747 Burke Centre Pkwy,879,Burke Centre,Go Half Veggie Bowl,9.75,12.7
9240 W Sahara Ave Ste 150,1207,Ft. Apache,Balanced Macros Bowl,11.4,14.85
9240 W Sahara Ave Ste 150,1207,Ft. Apache,Most Popular Chicken al Pastor Bowl,9.25,12.05
9240 W Sahara Ave Ste 150,1207,Ft. Apache,Wholesome Bowl,11.4,14.85
9240 W Sahara Ave Ste 150,1207,Ft. Apache,Keto Salad Bowl,8.75,11.4
9240 W Sahara Ave Ste 150,1207,Ft. Apache,High Protein Bowl,12.2,15.9
9240 W Sahara Ave Ste 150,1207,Ft. Apache,Fan Favorite Chicken Bowl,10.3,13.4
9240 W Sahara Ave Ste 150,1207,Ft. Apache,Fan Favorite Steak Salad,13.15,17.1
9240 W Sahara Ave Ste 150,1207,Ft. Apache,Veggie Full Bowl,8.75,11.4
9240 W Sahara Ave Ste 150,1207,Ft. Apache,Fan Favorite Veggie Burrito,8.75,11.4
9240 W Sahara Ave Ste 150,1207,Ft. Apache,Plant Powered Bowl,11.4,14.85
9240 W Sahara Ave Ste 150,1207,Ft. Apache,Go Half Veggie Bowl,8.75,11.4
5310 Lakewood Blvd,679,Lakewood Mall,Balanced Macros Bowl,12.4,16.15
5310 Lakewood Blvd,679,Lakewood Mall,Most Popular Chicken al Pastor Bowl,10.1,13.15
5310 Lakewood Blvd,679,Lakewood Mall,Wholesome Bowl,12.4,16.15
5310 Lakewood Blvd,679,Lakewood Mall,Keto Salad Bowl,9.6,12.5
5310 Lakewood Blvd,679,Lakewood Mall,High Protein Bowl,13.35,17.4
5310 Lakewood Blvd,679,Lakewood Mall,Fan Favorite Chicken Bowl,11.2,14.6
5310 Lakewood Blvd,679,Lakewood Mall,Fan Favorite Steak Salad,14.15,18.4
5310 Lakewood Blvd,679,Lakewood Mall,Veggie Full Bowl,9.6,12.5
5310 Lakewood Blvd,679,Lakewood Mall,Fan Favorite Veggie Burrito,9.6,12.5
5310 Lakewood Blvd,679,Lakewood Mall,Plant Powered Bowl,12.4,16.15
5310 Lakewood Blvd,679,Lakewood Mall,Go Half Veggie Bowl,9.6,12.5
370 W Parrish Ln,4340,Centerville - UT,Balanced Macros Bowl,11.75,15.3
370 W Parrish Ln,4340,Centerville - UT,Most Popular Chicken al Pastor Bowl,9.6,12.5
370 W Parrish Ln,4340,Centerville - UT,Wholesome Bowl,11.75,15.3
370 W Parrish Ln,4340,Centerville - UT,Keto Salad Bowl,9.1,11.85
370 W Parrish Ln,4340,Centerville - UT,High Protein Bowl,12.65,16.45
370 W Parrish Ln,4340,Centerville - UT,Fan Favorite Chicken Bowl,10.8,14.05
370 W Parrish Ln,4340,Centerville - UT,Fan Favorite Steak Salad,13.5,17.55
370 W Parrish Ln,4340,Centerville - UT,Veggie Full Bowl,9.1,11.85
370 W Parrish Ln,4340,Centerville - UT,Fan Favorite Veggie Burrito,9.1,11.85
370 W Parrish Ln,4340,Centerville - UT,Plant Powered Bowl,11.75,15.3
370 W Parrish Ln,4340,Centerville - UT,Go Half Veggie Bowl,9.1,11.85
205 N Milwaukee St,1624,Boise Towne Square,Balanced Macros Bowl,11.6,15.1
205 N Milwaukee St,1624,Boise Towne Square,Most Popular Chicken al Pastor Bowl,9.45,12.3
205 N Milwaukee St,1624,Boise Towne Square,Wholesome Bowl,11.6,15.1
205 N Milwaukee St,1624,Boise Towne Square,Keto Salad Bowl,8.95,11.65
205 N Milwaukee St,1624,Boise Towne Square,High Protein Bowl,12.4,16.15
205 N Milwaukee St,1624,Boise Towne Square,Fan Favorite Chicken Bowl,10.65,13.85
205 N Milwaukee St,1624,Boise Towne Square,Fan Favorite Steak Salad,13.35,17.35
205 N Milwaukee St,1624,Boise Towne Square,Veggie Full Bowl,8.95,11.65
205 N Milwaukee St,1624,Boise Towne Square,Fan Favorite Veggie Burrito,8.95,11.65
205 N Milwaukee St,1624,Boise Towne Square,Plant Powered Bowl,11.6,15.1
205 N Milwaukee St,1624,Boise Towne Square,Go Half Veggie Bowl,8.95,11.65
5223 Buckeystown Pike,332,Westview,Balanced Macros Bowl,11.75,15.3
5223 Buckeystown Pike,332,Westview,Most Popular Chicken al Pastor Bowl,9.6,12.5
5223 Buckeystown Pike,332,Westview,Wholesome Bowl,11.75,15.3
5223 Buckeystown Pike,332,Westview,Keto Salad Bowl,9.1,11.85
5223 Buckeystown Pike,332,Westview,High Protein Bowl,12.65,16.45
5223 Buckeystown Pike,332,Westview,Fan Favorite Chicken Bowl,10.8,14.05
5223 Buckeystown Pike,332,Westview,Fan Favorite Steak Salad,13.5,17.55
5223 Buckeystown Pike,332,Westview,Veggie Full Bowl,9.1,11.85
5223 Buckeystown Pike,332,Westview,Fan Favorite Veggie Burrito,9.1,11.85
5223 Buckeystown Pike,332,Westview,Plant Powered Bowl,11.75,15.3
5223 Buckeystown Pike,332,Westview,Go Half Veggie Bowl,9.1,11.85
7311 Sudley Rd,317,Manassas,Balanced Macros Bowl,12.6,16.4
7311 Sudley Rd,317,Manassas,Most Popular Chicken al Pastor Bowl,10.25,13.35
7311 Sudley Rd,317,Manassas,Wholesome Bowl,12.6,16.4
7311 Sudley Rd,317,Manassas,Keto Salad Bowl,9.75,12.7
7311 Sudley Rd,317,Manassas,High Protein Bowl,13.5,17.6
7311 Sudley Rd,317,Manassas,Fan Favorite Chicken Bowl,11.35,14.8
7311 Sudley Rd,317,Manassas,Fan Favorite Steak Salad,14.35,18.65
7311 Sudley Rd,317,Manassas,Veggie Full Bowl,9.75,12.7
7311 Sudley Rd,317,Manassas,Fan Favorite Veggie Burrito,9.75,12.7
7311 Sudley Rd,317,Manassas,Plant Powered Bowl,12.6,16.4
7311 Sudley Rd,317,Manassas,Go Half Veggie Bowl,9.75,12.7
246 E Lake Mead Pkwy,3392,Boulder Hwy and Lake Mead,Balanced Macros Bowl,11.75,15.3
246 E Lake Mead Pkwy,3392,Boulder Hwy and Lake Mead,Most Popular Chicken al Pastor Bowl,9.6,12.5
246 E Lake Mead Pkwy,3392,Boulder Hwy and Lake Mead,Wholesome Bowl,11.75,15.3
246 E Lake Mead Pkwy,3392,Boulder Hwy and Lake Mead,Keto Salad Bowl,9.1,11.85
246 E Lake Mead Pkwy,3392,Boulder Hwy and Lake Mead,High Protein Bowl,12.65,16.45
246 E Lake Mead Pkwy,3392,Boulder Hwy and Lake Mead,Fan Favorite Chicken Bowl,10.8,14.05
246 E Lake Mead Pkwy,3392,Boulder Hwy and Lake Mead,Fan Favorite Steak Salad,13.5,17.55
246 E Lake Mead Pkwy,3392,Boulder Hwy and Lake Mead,Veggie Full Bowl,9.1,11.85
246 E Lake Mead Pkwy,3392,Boulder Hwy and Lake Mead,Fan Favorite Veggie Burrito,9.1,11.85
246 E Lake Mead Pkwy,3392,Boulder Hwy and Lake Mead,Plant Powered Bowl,11.75,15.3
246 E Lake Mead Pkwy,3392,Boulder Hwy and Lake Mead,Go Half Veggie Bowl,9.1,11.85
2504 Highway 6 and 50 Ste 300,946,Grand Junction,Balanced Macros Bowl,11.75,15.3
2504 Highway 6 and 50 Ste 300,946,Grand Junction,Most Popular Chicken al Pastor Bowl,9.6,12.5
2504 Highway 6 and 50 Ste 300,946,Grand Junction,Wholesome Bowl,11.75,15.3
2504 Highway 6 and 50 Ste 300,946,Grand Junction,Keto Salad Bowl,9.1,11.85
2504 Highway 6 and 50 Ste 300,946,Grand Junction,High Protein Bowl,12.65,16.45
2504 Highway 6 and 50 Ste 300,946,Grand Junction,Fan Favorite Chicken Bowl,10.8,14.05
2504 Highway 6 and 50 Ste 300,946,Grand Junction,Fan Favorite Steak Salad,13.5,17.55
2504 Highway 6 and 50 Ste 300,946,Grand Junction,Veggie Full Bowl,9.1,11.85
2504 Highway 6 and 50 Ste 300,946,Grand Junction,Fan Favorite Veggie Burrito,9.1,11.85
2504 Highway 6 and 50 Ste 300,946,Grand Junction,Plant Powered Bowl,11.75,15.3
2504 Highway 6 and 50 Ste 300,946,Grand Junction,Go Half Veggie Bowl,9.1,11.85
7170 N Durango Dr Ste 150,963,Montecito,Balanced Macros Bowl,12.0,15.6
7170 N Durango Dr Ste 150,963,Montecito,Most Popular Chicken al Pastor Bowl,9.85,12.8
7170 N Durango Dr Ste 150,963,Montecito,Wholesome Bowl,12.0,15.6
7170 N Durango Dr Ste 150,963,Montecito,Keto Salad Bowl,9.35,12.15
7170 N Durango Dr Ste 150,963,Montecito,High Protein Bowl,13.05,16.95
7170 N Durango Dr Ste 150,963,Montecito,Fan Favorite Chicken Bowl,10.95,14.25
7170 N Durango Dr Ste 150,963,Montecito,Fan Favorite Steak Salad,13.75,17.9
7170 N Durango Dr Ste 150,963,Montecito,Veggie Full Bowl,9.35,12.15
7170 N Durango Dr Ste 150,963,Montecito,Fan Favorite Veggie Burrito,9.35,12.15
7170 N Durango Dr Ste 150,963,Montecito,Plant Powered Bowl,12.0,15.6
7170 N Durango Dr Ste 150,963,Montecito,Go Half Veggie Bowl,9.35,12.15
1111 S Plaza Way,1542,Flagstaff,Balanced Macros Bowl,11.4,14.85
1111 S Plaza Way,1542,Flagstaff,Most Popular Chicken al Pastor Bowl,9.25,12.05
1111 S Plaza Way,1542,Flagstaff,Wholesome Bowl,11.4,14.85
1111 S Plaza Way,1542,Flagstaff,Keto Salad Bowl,8.75,11.4
1111 S Plaza Way,1542,Flagstaff,High Protein Bowl,12.2,15.9
1111 S Plaza Way,1542,Flagstaff,Fan Favorite Chicken Bowl,10.3,13.4
1111 S Plaza Way,1542,Flagstaff,Fan Favorite Steak Salad,13.15,17.1
1111 S Plaza Way,1542,Flagstaff,Veggie Full Bowl,8.75,11.4
1111 S Plaza Way,1542,Flagstaff,Fan Favorite Veggie Burrito,8.75,11.4
1111 S Plaza Way,1542,Flagstaff,Plant Powered Bowl,11.4,14.85
1111 S Plaza Way,1542,Flagstaff,Go Half Veggie Bowl,8.75,11.4
6211 N Decatur Blvd Ste 110,2393,N Decatur and 215,Balanced Macros Bowl,11.6,15.1
6211 N Decatur Blvd Ste 110,2393,N Decatur and 215,Most Popular Chicken al Pastor Bowl,9.45,12.3
6211 N Decatur Blvd Ste 110,2393,N Decatur and 215,Wholesome Bowl,11.6,15.1
6211 N Decatur Blvd Ste 110,2393,N Decatur and 215,Keto Salad Bowl,8.95,11.65
6211 N Decatur Blvd Ste 110,2393,N Decatur and 215,High Protein Bowl,12.4,16.15
6211 N Decatur Blvd Ste 110,2393,N Decatur and 215,Fan Favorite Chicken Bowl,10.65,13.85
6211 N Decatur Blvd Ste 110,2393,N Decatur and 215,Fan Favorite Steak Salad,13.35,17.35
6211 N Decatur Blvd Ste 110,2393,N Decatur and 215,Veggie Full Bowl,8.95,11.65
6211 N Decatur Blvd Ste 110,2393,N Decatur and 215,Fan Favorite Veggie Burrito,8.95,11.65
6211 N Decatur Blvd Ste 110,2393,N Decatur and 215,Plant Powered Bowl,11.6,15.1
6211 N Decatur Blvd Ste 110,2393,N Decatur and 215,Go Half Veggie Bowl,8.95,11.65
3588 Saint Rose Pkwy,3611,St. Rose & Amigo,Balanced Macros Bowl,11.4,14.85
3588 Saint Rose Pkwy,3611,St. Rose & Amigo,Most Popular Chicken al Pastor Bowl,9.25,12.05
3588 Saint Rose Pkwy,3611,St. Rose & Amigo,Wholesome Bowl,11.4,14.85
3588 Saint Rose Pkwy,3611,St. Rose & Amigo,Keto Salad Bowl,8.75,11.4
3588 Saint Rose Pkwy,3611,St. Rose & Amigo,High Protein Bowl,12.2,15.9
3588 Saint Rose Pkwy,3611,St. Rose & Amigo,Fan Favorite Chicken Bowl,10.3,13.4
3588 Saint Rose Pkwy,3611,St. Rose & Amigo,Fan Favorite Steak Salad,13.15,17.1
3588 Saint Rose Pkwy,3611,St. Rose & Amigo,Veggie Full Bowl,8.75,11.4
3588 Saint Rose Pkwy,3611,St. Rose & Amigo,Fan Favorite Veggie Burrito,8.75,11.4
3588 Saint Rose Pkwy,3611,St. Rose & Amigo,Plant Powered Bowl,11.4,14.85
3588 Saint Rose Pkwy,3611,St. Rose & Amigo,Go Half Veggie Bowl,8.75,11.4
5642 Allen Way Ste 104,1049,Castle Rock Shoppes,Balanced Macros Bowl,12.4,16.15
5642 Allen Way Ste 104,1049,Castle Rock Shoppes,Most Popular Chicken al Pastor Bowl,10.1,13.15
5642 Allen Way Ste 104,1049,Castle Rock Shoppes,Wholesome Bowl,12.4,16.15
5642 Allen Way Ste 104,1049,Castle Rock Shoppes,Keto Salad Bowl,9.6,12.5
5642 Allen Way Ste 104,1049,Castle Rock Shoppes,High Protein Bowl,13.4,17.45
5642 Allen Way Ste 104,1049,Castle Rock Shoppes,Fan Favorite Chicken Bowl,11.3,14.7
5642 Allen Way Ste 104,1049,Castle Rock Shoppes,Fan Favorite Steak Salad,14.15,18.4
5642 Allen Way Ste 104,1049,Castle Rock Shoppes,Veggie Full Bowl,9.6,12.5
5642 Allen Way Ste 104,1049,Castle Rock Shoppes,Fan Favorite Veggie Burrito,9.6,12.5
5642 Allen Way Ste 104,1049,Castle Rock Shoppes,Plant Powered Bowl,12.4,16.15
5642 Allen Way Ste 104,1049,Castle Rock Shoppes,Go Half Veggie Bowl,9.6,12.5
140 Steele St,48,Cherry Creek,Balanced Macros Bowl,11.95,15.55
140 Steele St,48,Cherry Creek,Most Popular Chicken al Pastor Bowl,9.75,12.7
140 Steele St,48,Cherry Creek,Wholesome Bowl,11.95,15.55
140 Steele St,48,Cherry Creek,Keto Salad Bowl,9.25,12.05
140 Steele St,48,Cherry Creek,High Protein Bowl,12.9,16.8
140 Steele St,48,Cherry Creek,Fan Favorite Chicken Bowl,10.95,14.25
140 Steele St,48,Cherry Creek,Fan Favorite Steak Salad,13.7,17.8
140 Steele St,48,Cherry Creek,Veggie Full Bowl,9.25,12.05
140 Steele St,48,Cherry Creek,Fan Favorite Veggie Burrito,9.25,12.05
140 Steele St,48,Cherry Creek,Plant Powered Bowl,11.95,15.55
140 Steele St,48,Cherry Creek,Go Half Veggie Bowl,9.25,12.05
1546 N Cooper Rd,658,Cooper & Baseline,Balanced Macros Bowl,12.15,15.8
1546 N Cooper Rd,658,Cooper & Baseline,Most Popular Chicken al Pastor Bowl,9.95,12.95
1546 N Cooper Rd,658,Cooper & Baseline,Wholesome Bowl,12.15,15.8
1546 N Cooper Rd,658,Cooper & Baseline,Keto Salad Bowl,9.45,12.3
1546 N Cooper Rd,658,Cooper & Baseline,High Protein Bowl,13.25,17.25
1546 N Cooper Rd,658,Cooper & Baseline,Fan Favorite Chicken Bowl,11.15,14.5
1546 N Cooper Rd,658,Cooper & Baseline,Fan Favorite Steak Salad,13.9,18.05
1546 N Cooper Rd,658,Cooper & Baseline,Veggie Full Bowl,9.45,12.3
1546 N Cooper Rd,658,Cooper & Baseline,Fan Favorite Veggie Burrito,9.45,12.3
1546 N Cooper Rd,658,Cooper & Baseline,Plant Powered Bowl,12.15,15.8
1546 N Cooper Rd,658,Cooper & Baseline,Go Half Veggie Bowl,9.45,12.3
7175 W Lake Mead Blvd Ste 105,718,Las Vegas Tech Center,Balanced Macros Bowl,11.2,14.6
7175 W Lake Mead Blvd Ste 105,718,Las Vegas Tech Center,Most Popular Chicken al Pastor Bowl,9.1,11.85
7175 W Lake Mead Blvd Ste 105,718,Las Vegas Tech Center,Wholesome Bowl,11.2,14.6
7175 W Lake Mead Blvd Ste 105,718,Las Vegas Tech Center,Keto Salad Bowl,8.6,11.2
7175 W Lake Mead Blvd Ste 105,718,Las Vegas Tech Center,High Protein Bowl,12.0,15.6
7175 W Lake Mead Blvd Ste 105,718,Las Vegas Tech Center,Fan Favorite Chicken Bowl,10.05,13.1
7175 W Lake Mead Blvd Ste 105,718,Las Vegas Tech Center,Fan Favorite Steak Salad,12.95,16.85
7175 W Lake Mead Blvd Ste 105,718,Las Vegas Tech Center,Veggie Full Bowl,8.6,11.2
7175 W Lake Mead Blvd Ste 105,718,Las Vegas Tech Center,Fan Favorite Veggie Burrito,8.6,11.2
7175 W Lake Mead Blvd Ste 105,718,Las Vegas Tech Center,Plant Powered Bowl,11.2,14.6
7175 W Lake Mead Blvd Ste 105,718,Las Vegas Tech Center,Go Half Veggie Bowl,8.6,11.2
2546 E Craig Rd Ste 100,1118,The Cannery,Balanced Macros Bowl,11.75,15.3
2546 E Craig Rd Ste 100,1118,The Cannery,Most Popular Chicken al Pastor Bowl,9.6,12.5
2546 E Craig Rd Ste 100,1118,The Cannery,Wholesome Bowl,11.75,15.3
2546 E Craig Rd Ste 100,1118,The Cannery,Keto Salad Bowl,9.1,11.85
2546 E Craig Rd Ste 100,1118,The Cannery,High Protein Bowl,12.65,16.45
2546 E Craig Rd Ste 100,1118,The Cannery,Fan Favorite Chicken Bowl,10.8,14.05
2546 E Craig Rd Ste 100,1118,The Cannery,Fan Favorite Steak Salad,13.5,17.55
2546 E Craig Rd Ste 100,1118,The Cannery,Veggie Full Bowl,9.1,11.85
2546 E Craig Rd Ste 100,1118,The Cannery,Fan Favorite Veggie Burrito,9.1,11.85
2546 E Craig Rd Ste 100,1118,The Cannery,Plant Powered Bowl,11.75,15.3
2546 E Craig Rd Ste 100,1118,The Cannery,Go Half Veggie Bowl,9.1,11.85
80 E Nees Ave,1509,Riverpark Plaza,Balanced Macros Bowl,12.0,15.6
80 E Nees Ave,1509,Riverpark Plaza,Most Popular Chicken al Pastor Bowl,9.85,12.8
80 E Nees Ave,1509,Riverpark Plaza,Wholesome Bowl,12.0,15.6
80 E Nees Ave,1509,Riverpark Plaza,Keto Salad Bowl,9.35,12.15
80 E Nees Ave,1509,Riverpark Plaza,High Protein Bowl,13.05,16.95
80 E Nees Ave,1509,Riverpark Plaza,Fan Favorite Chicken Bowl,10.95,14.25
80 E Nees Ave,1509,Riverpark Plaza,Fan Favorite Steak Salad,13.75,17.9
80 E Nees Ave,1509,Riverpark Plaza,Veggie Full Bowl,9.35,12.15
80 E Nees Ave,1509,Riverpark Plaza,Fan Favorite Veggie Burrito,9.35,12.15
80 E Nees Ave,1509,Riverpark Plaza,Plant Powered Bowl,12.0,15.6
80 E Nees Ave,1509,Riverpark Plaza,Go Half Veggie Bowl,9.35,12.15
3815 Blue Diamond Rd,2402,Blue Diamond,Balanced Macros Bowl,11.6,15.1
3815 Blue Diamond Rd,2402,Blue Diamond,Most Popular Chicken al Pastor Bowl,9.45,12.3
3815 Blue Diamond Rd,2402,Blue Diamond,Wholesome Bowl,11.6,15.1
3815 Blue Diamond Rd,2402,Blue Diamond,Keto Salad Bowl,8.95,11.65
3815 Blue Diamond Rd,2402,Blue Diamond,High Protein Bowl,12.4,16.15
3815 Blue Diamond Rd,2402,Blue Diamond,Fan Favorite Chicken Bowl,10.65,13.85
3815 Blue Diamond Rd,2402,Blue Diamond,Fan Favorite Steak Salad,13.35,17.35
3815 Blue Diamond Rd,2402,Blue Diamond,Veggie Full Bowl,8.95,11.65
3815 Blue Diamond Rd,2402,Blue Diamond,Fan Favorite Veggie Burrito,8.95,11.65
3815 Blue Diamond Rd,2402,Blue Diamond,Plant Powered Bowl,11.6,15.1
3815 Blue Diamond Rd,2402,Blue Diamond,Go Half Veggie Bowl,8.95,11.65
15035 N Thompson Peak Pkwy Ste E101,357,Thompson Peak,Balanced Macros Bowl,12.15,15.8
15035 N Thompson Peak Pkwy Ste E101,357,Thompson Peak,Most Popular Chicken al Pastor Bowl,9.95,12.95
15035 N Thompson Peak Pkwy Ste E101,357,Thompson Peak,Wholesome Bowl,12.15,15.8
15035 N Thompson Peak Pkwy Ste E101,357,Thompson Peak,Keto Salad Bowl,9.45,12.3
15035 N Thompson Peak Pkwy Ste E101,357,Thompson Peak,High Protein Bowl,13.25,17.25
15035 N Thompson Peak Pkwy Ste E101,357,Thompson Peak,Fan Favorite Chicken Bowl,11.15,14.5
15035 N Thompson Peak Pkwy Ste E101,357,Thompson Peak,Fan Favorite Steak Salad,13.9,18.05
15035 N Thompson Peak Pkwy Ste E101,357,Thompson Peak,Veggie Full Bowl,9.45,12.3
15035 N Thompson Peak Pkwy Ste E101,357,Thompson Peak,Fan Favorite Veggie Burrito,9.45,12.3
15035 N Thompson Peak Pkwy Ste E101,357,Thompson Peak,Plant Powered Bowl,12.15,15.8
15035 N Thompson Peak Pkwy Ste E101,357,Thompson Peak,Go Half Veggie Bowl,9.45,12.3
9940 W Happy Valley Pkwy Ste 1040,916,Happy Valley,Balanced Macros Bowl,12.15,15.8
9940 W Happy Valley Pkwy Ste 1040,916,Happy Valley,Most Popular Chicken al Pastor Bowl,9.95,12.95
9940 W Happy Valley Pkwy Ste 1040,916,Happy Valley,Wholesome Bowl,12.15,15.8
9940 W Happy Valley Pkwy Ste 1040,916,Happy Valley,Keto Salad Bowl,9.45,12.3
9940 W Happy Valley Pkwy Ste 1040,916,Happy Valley,High Protein Bowl,13.25,17.25
9940 W Happy Valley Pkwy Ste 1040,916,Happy Valley,Fan Favorite Chicken Bowl,11.15,14.5
9940 W Happy Valley Pkwy Ste 1040,916,Happy Valley,Fan Favorite Steak Salad,13.9,18.05
9940 W Happy Valley Pkwy Ste 1040,916,Happy Valley,Veggie Full Bowl,9.45,12.3
9940 W Happy Valley Pkwy Ste 1040,916,Happy Valley,Fan Favorite Veggie Burrito,9.45,12.3
9940 W Happy Valley Pkwy Ste 1040,916,Happy Valley,Plant Powered Bowl,12.15,15.8
9940 W Happy Valley Pkwy Ste 1040,916,Happy Valley,Go Half Veggie Bowl,9.45,12.3
468 E 17th St,3588,Costa Mesa,Balanced Macros Bowl,11.6,15.1
468 E 17th St,3588,Costa Mesa,Most Popular Chicken al Pastor Bowl,9.45,12.3
468 E 17th St,3588,Costa Mesa,Wholesome Bowl,11.6,15.1
468 E 17th St,3588,Costa Mesa,Keto Salad Bowl,8.95,11.65
468 E 17th St,3588,Costa Mesa,High Protein Bowl,12.4,16.15
468 E 17th St,3588,Costa Mesa,Fan Favorite Chicken Bowl,10.65,13.85
468 E 17th St,3588,Costa Mesa,Fan Favorite Steak Salad,13.35,17.35
468 E 17th St,3588,Costa Mesa,Veggie Full Bowl,8.95,11.65
468 E 17th St,3588,Costa Mesa,Fan Favorite Veggie Burrito,8.95,11.65
468 E 17th St,3588,Costa Mesa,Plant Powered Bowl,11.6,15.1
468 E 17th St,3588,Costa Mesa,Go Half Veggie Bowl,8.95,11.65
3000 184th St SW Ste 850,2264,Alderwood Mall,Balanced Macros Bowl,11.4,14.85
3000 184th St SW Ste 850,2264,Alderwood Mall,Most Popular Chicken al Pastor Bowl,9.25,12.05
3000 184th St SW Ste 850,2264,Alderwood Mall,Wholesome Bowl,11.4,14.85
3000 184th St SW Ste 850,2264,Alderwood Mall,Keto Salad Bowl,8.75,11.4
3000 184th St SW Ste 850,2264,Alderwood Mall,High Protein Bowl,12.2,15.9
3000 184th St SW Ste 850,2264,Alderwood Mall,Fan Favorite Chicken Bowl,10.3,13.4
3000 184th St SW Ste 850,2264,Alderwood Mall,Fan Favorite Steak Salad,13.15,17.1
3000 184th St SW Ste 850,2264,Alderwood Mall,Veggie Full Bowl,8.75,11.4
3000 184th St SW Ste 850,2264,Alderwood Mall,Fan Favorite Veggie Burrito,8.75,11.4
3000 184th St SW Ste 850,2264,Alderwood Mall,Plant Powered Bowl,11.4,14.85
3000 184th St SW Ste 850,2264,Alderwood Mall,Go Half Veggie Bowl,8.75,11.4
23645 El Toro Road,1096,The Arbor,Balanced Macros Bowl,12.0,15.6
23645 El Toro Road,1096,The Arbor,Most Popular Chicken al Pastor Bowl,9.85,12.8
23645 El Toro Road,1096,The Arbor,Wholesome Bowl,12.0,15.6
23645 El Toro Road,1096,The Arbor,Keto Salad Bowl,9.35,12.15
23645 El Toro Road,1096,The Arbor,High Protein Bowl,13.05,16.95
23645 El Toro Road,1096,The Arbor,Fan Favorite Chicken Bowl,10.95,14.25
23645 El Toro Road,1096,The Arbor,Fan Favorite Steak Salad,13.75,17.9
23645 El Toro Road,1096,The Arbor,Veggie Full Bowl,9.35,12.15
23645 El Toro Road,1096,The Arbor,Fan Favorite Veggie Burrito,9.35,12.15
23645 El Toro Road,1096,The Arbor,Plant Powered Bowl,12.0,15.6
23645 El Toro Road,1096,The Arbor,Go Half Veggie Bowl,9.35,12.15
31827 Pacific Hwy S Ste A,743,Federal Way,Balanced Macros Bowl,12.4,16.15
31827 Pacific Hwy S Ste A,743,Federal Way,Most Popular Chicken al Pastor Bowl,10.1,13.15
31827 Pacific Hwy S Ste A,743,Federal Way,Wholesome Bowl,12.4,16.15
31827 Pacific Hwy S Ste A,743,Federal Way,Keto Salad Bowl,9.6,12.5
31827 Pacific Hwy S Ste A,743,Federal Way,High Protein Bowl,13.35,17.4
31827 Pacific Hwy S Ste A,743,Federal Way,Fan Favorite Chicken Bowl,11.2,14.6
31827 Pacific Hwy S Ste A,743,Federal Way,Fan Favorite Steak Salad,14.15,18.4
31827 Pacific Hwy S Ste A,743,Federal Way,Veggie Full Bowl,9.6,12.5
31827 Pacific Hwy S Ste A,743,Federal Way,Fan Favorite Veggie Burrito,9.6,12.5
31827 Pacific Hwy S Ste A,743,Federal Way,Plant Powered Bowl,12.4,16.15
31827 Pacific Hwy S Ste A,743,Federal Way,Go Half Veggie Bowl,9.6,12.5
1687 W Sunset Blvd,4134,Sunset St. George,Balanced Macros Bowl,12.25,15.95
1687 W Sunset Blvd,4134,Sunset St. George,Most Popular Chicken al Pastor Bowl,10,13
1687 W Sunset Blvd,4134,Sunset St. George,Wholesome Bowl,12.25,15.95
1687 W Sunset Blvd,4134,Sunset St. George,Keto Salad Bowl,9.5,12.35
1687 W Sunset Blvd,4134,Sunset St. George,High Protein Bowl,13.25,17.25
1687 W Sunset Blvd,4134,Sunset St. George,Fan Favorite Chicken Bowl,11.1,14.45
1687 W Sunset Blvd,4134,Sunset St. George,Fan Favorite Steak Salad,14.0,18.25
1687 W Sunset Blvd,4134,Sunset St. George,Veggie Full Bowl,9.5,12.35
1687 W Sunset Blvd,4134,Sunset St. George,Fan Favorite Veggie Burrito,9.5,12.35
1687 W Sunset Blvd,4134,Sunset St. George,Plant Powered Bowl,12.25,15.95
1687 W Sunset Blvd,4134,Sunset St. George,Go Half Veggie Bowl,9.5,12.35
21172 S Ellsworth Loop Rd Ste 114,1163,Ritten House,Balanced Macros Bowl,12.15,15.8
21172 S Ellsworth Loop Rd Ste 114,1163,Ritten House,Most Popular Chicken al Pastor Bowl,9.95,12.95
21172 S Ellsworth Loop Rd Ste 114,1163,Ritten House,Wholesome Bowl,12.15,15.8
21172 S Ellsworth Loop Rd Ste 114,1163,Ritten House,Keto Salad Bowl,9.45,12.3
21172 S Ellsworth Loop Rd Ste 114,1163,Ritten House,High Protein Bowl,13.25,17.25
21172 S Ellsworth Loop Rd Ste 114,1163,Ritten House,Fan Favorite Chicken Bowl,11.15,14.5
21172 S Ellsworth Loop Rd Ste 114,1163,Ritten House,Fan Favorite Steak Salad,13.9,18.05
21172 S Ellsworth Loop Rd Ste 114,1163,Ritten House,Veggie Full Bowl,9.45,12.3
21172 S Ellsworth Loop Rd Ste 114,1163,Ritten House,Fan Favorite Veggie Burrito,9.45,12.3
21172 S Ellsworth Loop Rd Ste 114,1163,Ritten House,Plant Powered Bowl,12.15,15.8
21172 S Ellsworth Loop Rd Ste 114,1163,Ritten House,Go Half Veggie Bowl,9.45,12.3
2540 S Decatur Blvd Ste 100,1285,Sahara Pavilion,Balanced Macros Bowl,12.0,15.6
2540 S Decatur Blvd Ste 100,1285,Sahara Pavilion,Most Popular Chicken al Pastor Bowl,9.85,12.8
2540 S Decatur Blvd Ste 100,1285,Sahara Pavilion,Wholesome Bowl,12.0,15.6
2540 S Decatur Blvd Ste 100,1285,Sahara Pavilion,Keto Salad Bowl,9.35,12.15
2540 S Decatur Blvd Ste 100,1285,Sahara Pavilion,High Protein Bowl,13.05,16.95
2540 S Decatur Blvd Ste 100,1285,Sahara Pavilion,Fan Favorite Chicken Bowl,10.95,14.25
2540 S Decatur Blvd Ste 100,1285,Sahara Pavilion,Fan Favorite Steak Salad,13.75,17.9
2540 S Decatur Blvd Ste 100,1285,Sahara Pavilion,Veggie Full Bowl,9.35,12.15
2540 S Decatur Blvd Ste 100,1285,Sahara Pavilion,Fan Favorite Veggie Burrito,9.35,12.15
2540 S Decatur Blvd Ste 100,1285,Sahara Pavilion,Plant Powered Bowl,12.0,15.6
2540 S Decatur Blvd Ste 100,1285,Sahara Pavilion,Go Half Veggie Bowl,9.35,12.15
13348 Newport Ave,472,Tustin,Balanced Macros Bowl,12.0,15.6
13348 Newport Ave,472,Tustin,Most Popular Chicken al Pastor Bowl,9.85,12.8
13348 Newport Ave,472,Tustin,Wholesome Bowl,12.0,15.6
13348 Newport Ave,472,Tustin,Keto Salad Bowl,9.35,12.15
13348 Newport Ave,472,Tustin,High Protein Bowl,13.05,16.95
13348 Newport Ave,472,Tustin,Fan Favorite Chicken Bowl,10.95,14.25
13348 Newport Ave,472,Tustin,Fan Favorite Steak Salad,13.75,17.9
13348 Newport Ave,472,Tustin,Veggie Full Bowl,9.35,12.15
13348 Newport Ave,472,Tustin,Fan Favorite Veggie Burrito,9.35,12.15
13348 Newport Ave,472,Tustin,Plant Powered Bowl,12.0,15.6
13348 Newport Ave,472,Tustin,Go Half Veggie Bowl,9.35,12.15
1323 W Chinden Blvd,3735,Linder Village Meridian,Balanced Macros Bowl,11.75,15.3
1323 W Chinden Blvd,3735,Linder Village Meridian,Most Popular Chicken al Pastor Bowl,9.6,12.5
1323 W Chinden Blvd,3735,Linder Village Meridian,Wholesome Bowl,11.75,15.3
1323 W Chinden Blvd,3735,Linder Village Meridian,Keto Salad Bowl,9.1,11.85
1323 W Chinden Blvd,3735,Linder Village Meridian,High Protein Bowl,12.65,16.45
1323 W Chinden Blvd,3735,Linder Village Meridian,Fan Favorite Chicken Bowl,10.8,14.05
1323 W Chinden Blvd,3735,Linder Village Meridian,Fan Favorite Steak Salad,13.5,17.55
1323 W Chinden Blvd,3735,Linder Village Meridian,Veggie Full Bowl,9.1,11.85
1323 W Chinden Blvd,3735,Linder Village Meridian,Fan Favorite Veggie Burrito,9.1,11.85
1323 W Chinden Blvd,3735,Linder Village Meridian,Plant Powered Bowl,11.75,15.3
1323 W Chinden Blvd,3735,Linder Village Meridian,Go Half Veggie Bowl,9.1,11.85
20940 Frederick Rd Ste A,2781,Germantown East,Balanced Macros Bowl,12.25,15.95
20940 Frederick Rd Ste A,2781,Germantown East,Most Popular Chicken al Pastor Bowl,10,13
20940 Frederick Rd Ste A,2781,Germantown East,Wholesome Bowl,12.25,15.95
20940 Frederick Rd Ste A,2781,Germantown East,Keto Salad Bowl,9.5,12.35
20940 Frederick Rd Ste A,2781,Germantown East,High Protein Bowl,13.25,17.25
20940 Frederick Rd Ste A,2781,Germantown East,Fan Favorite Chicken Bowl,11.1,14.45
20940 Frederick Rd Ste A,2781,Germantown East,Fan Favorite Steak Salad,14.0,18.25
20940 Frederick Rd Ste A,2781,Germantown East,Veggie Full Bowl,9.5,12.35
20940 Frederick Rd Ste A,2781,Germantown East,Fan Favorite Veggie Burrito,9.5,12.35
20940 Frederick Rd Ste A,2781,Germantown East,Plant Powered Bowl,12.25,15.95
20940 Frederick Rd Ste A,2781,Germantown East,Go Half Veggie Bowl,9.5,12.35
775 NW Gilman Blvd,778,Issaquah,Balanced Macros Bowl,11.75,15.3
775 NW Gilman Blvd,778,Issaquah,Most Popular Chicken al Pastor Bowl,9.6,12.5
775 NW Gilman Blvd,778,Issaquah,Wholesome Bowl,11.75,15.3
775 NW Gilman Blvd,778,Issaquah,Keto Salad Bowl,9.1,11.85
775 NW Gilman Blvd,778,Issaquah,High Protein Bowl,12.65,16.45
775 NW Gilman Blvd,778,Issaquah,Fan Favorite Chicken Bowl,10.8,14.05
775 NW Gilman Blvd,778,Issaquah,Fan Favorite Steak Salad,13.5,17.55
775 NW Gilman Blvd,778,Issaquah,Veggie Full Bowl,9.1,11.85
775 NW Gilman Blvd,778,Issaquah,Fan Favorite Veggie Burrito,9.1,11.85
775 NW Gilman Blvd,778,Issaquah,Plant Powered Bowl,11.75,15.3
775 NW Gilman Blvd,778,Issaquah,Go Half Veggie Bowl,9.1,11.85
6570 S Yosemite St Ste D,1528,Arapahoe Relo,Balanced Macros Bowl,11.8,15.35
6570 S Yosemite St Ste D,1528,Arapahoe Relo,Most Popular Chicken al Pastor Bowl,9.6,12.5
6570 S Yosemite St Ste D,1528,Arapahoe Relo,Wholesome Bowl,11.8,15.35
6570 S Yosemite St Ste D,1528,Arapahoe Relo,Keto Salad Bowl,9.1,11.85
6570 S Yosemite St Ste D,1528,Arapahoe Relo,High Protein Bowl,12.65,16.45
6570 S Yosemite St Ste D,1528,Arapahoe Relo,Fan Favorite Chicken Bowl,10.8,14.05
6570 S Yosemite St Ste D,1528,Arapahoe Relo,Fan Favorite Steak Salad,13.55,17.6
6570 S Yosemite St Ste D,1528,Arapahoe Relo,Veggie Full Bowl,9.1,11.85
6570 S Yosemite St Ste D,1528,Arapahoe Relo,Fan Favorite Veggie Burrito,9.1,11.85
6570 S Yosemite St Ste D,1528,Arapahoe Relo,Plant Powered Bowl,11.8,15.35
6570 S Yosemite St Ste D,1528,Arapahoe Relo,Go Half Veggie Bowl,9.1,11.85
1371 W Hunt Hwy,4377,Hunt & Gary,Balanced Macros Bowl,12.6,16.4
1371 W Hunt Hwy,4377,Hunt & Gary,Most Popular Chicken al Pastor Bowl,10.25,13.35
1371 W Hunt Hwy,4377,Hunt & Gary,Wholesome Bowl,12.6,16.4
1371 W Hunt Hwy,4377,Hunt & Gary,Keto Salad Bowl,9.75,12.7
1371 W Hunt Hwy,4377,Hunt & Gary,High Protein Bowl,13.55,17.65
1371 W Hunt Hwy,4377,Hunt & Gary,Fan Favorite Chicken Bowl,11.45,14.9
1371 W Hunt Hwy,4377,Hunt & Gary,Fan Favorite Steak Salad,14.35,18.65
1371 W Hunt Hwy,4377,Hunt & Gary,Veggie Full Bowl,9.75,12.7
1371 W Hunt Hwy,4377,Hunt & Gary,Fan Favorite Veggie Burrito,9.75,12.7
1371 W Hunt Hwy,4377,Hunt & Gary,Plant Powered Bowl,12.6,16.4
1371 W Hunt Hwy,4377,Hunt & Gary,Go Half Veggie Bowl,9.75,12.7
1955 S Signal Butte Rd Ste 101,1764,Signal Butte and Baseline,Balanced Macros Bowl,12.15,15.8
1955 S Signal Butte Rd Ste 101,1764,Signal Butte and Baseline,Most Popular Chicken al Pastor Bowl,9.95,12.95
1955 S Signal Butte Rd Ste 101,1764,Signal Butte and Baseline,Wholesome Bowl,12.15,15.8
1955 S Signal Butte Rd Ste 101,1764,Signal Butte and Baseline,Keto Salad Bowl,9.45,12.3
1955 S Signal Butte Rd Ste 101,1764,Signal Butte and Baseline,High Protein Bowl,13.25,17.25
1955 S Signal Butte Rd Ste 101,1764,Signal Butte and Baseline,Fan Favorite Chicken Bowl,11.15,14.5
1955 S Signal Butte Rd Ste 101,1764,Signal Butte and Baseline,Fan Favorite Steak Salad,13.9,18.05
1955 S Signal Butte Rd Ste 101,1764,Signal Butte and Baseline,Veggie Full Bowl,9.45,12.3
1955 S Signal Butte Rd Ste 101,1764,Signal Butte and Baseline,Fan Favorite Veggie Burrito,9.45,12.3
1955 S Signal Butte Rd Ste 101,1764,Signal Butte and Baseline,Plant Powered Bowl,12.15,15.8
1955 S Signal Butte Rd Ste 101,1764,Signal Butte and Baseline,Go Half Veggie Bowl,9.45,12.3
425 E Bell Rd Ste 140,1450,7th St. & Bell Road,Balanced Macros Bowl,12.15,15.8
425 E Bell Rd Ste 140,1450,7th St. & Bell Road,Most Popular Chicken al Pastor Bowl,9.95,12.95
425 E Bell Rd Ste 140,1450,7th St. & Bell Road,Wholesome Bowl,12.15,15.8
425 E Bell Rd Ste 140,1450,7th St. & Bell Road,Keto Salad Bowl,9.45,12.3
425 E Bell Rd Ste 140,1450,7th St. & Bell Road,High Protein Bowl,13.25,17.25
425 E Bell Rd Ste 140,1450,7th St. & Bell Road,Fan Favorite Chicken Bowl,11.15,14.5
425 E Bell Rd Ste 140,1450,7th St. & Bell Road,Fan Favorite Steak Salad,13.9,18.05
425 E Bell Rd Ste 140,1450,7th St. & Bell Road,Veggie Full Bowl,9.45,12.3
425 E Bell Rd Ste 140,1450,7th St. & Bell Road,Fan Favorite Veggie Burrito,9.45,12.3
425 E Bell Rd Ste 140,1450,7th St. & Bell Road,Plant Powered Bowl,12.15,15.8
425 E Bell Rd Ste 140,1450,7th St. & Bell Road,Go Half Veggie Bowl,9.45,12.3
2126 N Eagle Rd Ste 100,1997,Meridian,Balanced Macros Bowl,11.95,15.55
2126 N Eagle Rd Ste 100,1997,Meridian,Most Popular Chicken al Pastor Bowl,9.75,12.7
2126 N Eagle Rd Ste 100,1997,Meridian,Wholesome Bowl,11.95,15.55
2126 N Eagle Rd Ste 100,1997,Meridian,Keto Salad Bowl,9.25,12.05
2126 N Eagle Rd Ste 100,1997,Meridian,High Protein Bowl,12.9,16.8
2126 N Eagle Rd Ste 100,1997,Meridian,Fan Favorite Chicken Bowl,10.95,14.25
2126 N Eagle Rd Ste 100,1997,Meridian,Fan Favorite Steak Salad,13.7,17.8
2126 N Eagle Rd Ste 100,1997,Meridian,Veggie Full Bowl,9.25,12.05
2126 N Eagle Rd Ste 100,1997,Meridian,Fan Favorite Veggie Burrito,9.25,12.05
2126 N Eagle Rd Ste 100,1997,Meridian,Plant Powered Bowl,11.95,15.55
2126 N Eagle Rd Ste 100,1997,Meridian,Go Half Veggie Bowl,9.25,12.05
16810 W Waddell Rd,3642,303 & Waddell,Balanced Macros Bowl,11.95,15.55
16810 W Waddell Rd,3642,303 & Waddell,Most Popular Chicken al Pastor Bowl,9.75,12.7
16810 W Waddell Rd,3642,303 & Waddell,Wholesome Bowl,11.95,15.55
16810 W Waddell Rd,3642,303 & Waddell,Keto Salad Bowl,9.25,12.05
16810 W Waddell Rd,3642,303 & Waddell,High Protein Bowl,12.9,16.8
16810 W Waddell Rd,3642,303 & Waddell,Fan Favorite Chicken Bowl,10.95,14.25
16810 W Waddell Rd,3642,303 & Waddell,Fan Favorite Steak Salad,13.7,17.8
16810 W Waddell Rd,3642,303 & Waddell,Veggie Full Bowl,9.25,12.05
16810 W Waddell Rd,3642,303 & Waddell,Fan Favorite Veggie Burrito,9.25,12.05
16810 W Waddell Rd,3642,303 & Waddell,Plant Powered Bowl,11.95,15.55
16810 W Waddell Rd,3642,303 & Waddell,Go Half Veggie Bowl,9.25,12.05
2849 N Power Rd Ste 101,1821,Las Sendas,Balanced Macros Bowl,11.95,15.55
2849 N Power Rd Ste 101,1821,Las Sendas,Most Popular Chicken al Pastor Bowl,9.75,12.7
2849 N Power Rd Ste 101,1821,Las Sendas,Wholesome Bowl,11.95,15.55
2849 N Power Rd Ste 101,1821,Las Sendas,Keto Salad Bowl,9.25,12.05
2849 N Power Rd Ste 101,1821,Las Sendas,High Protein Bowl,12.9,16.8
2849 N Power Rd Ste 101,1821,Las Sendas,Fan Favorite Chicken Bowl,10.95,14.25
2849 N Power Rd Ste 101,1821,Las Sendas,Fan Favorite Steak Salad,13.7,17.8
2849 N Power Rd Ste 101,1821,Las Sendas,Veggie Full Bowl,9.25,12.05
2849 N Power Rd Ste 101,1821,Las Sendas,Fan Favorite Veggie Burrito,9.25,12.05
2849 N Power Rd Ste 101,1821,Las Sendas,Plant Powered Bowl,11.95,15.55
2849 N Power Rd Ste 101,1821,Las Sendas,Go Half Veggie Bowl,9.25,12.05
1560 N Litchfield Rd,542,Goodyear,Balanced Macros Bowl,12.15,15.8
1560 N Litchfield Rd,542,Goodyear,Most Popular Chicken al Pastor Bowl,9.95,12.95
1560 N Litchfield Rd,542,Goodyear,Wholesome Bowl,12.15,15.8
1560 N Litchfield Rd,542,Goodyear,Keto Salad Bowl,9.45,12.3
1560 N Litchfield Rd,542,Goodyear,High Protein Bowl,13.25,17.25
1560 N Litchfield Rd,542,Goodyear,Fan Favorite Chicken Bowl,11.15,14.5
1560 N Litchfield Rd,542,Goodyear,Fan Favorite Steak Salad,13.9,18.05
1560 N Litchfield Rd,542,Goodyear,Veggie Full Bowl,9.45,12.3
1560 N Litchfield Rd,542,Goodyear,Fan Favorite Veggie Burrito,9.45,12.3
1560 N Litchfield Rd,542,Goodyear,Plant Powered Bowl,12.15,15.8
1560 N Litchfield Rd,542,Goodyear,Go Half Veggie Bowl,9.45,12.3
512 Ramsay Way Ste 101,670,Kent,Balanced Macros Bowl,12.4,16.15
512 Ramsay Way Ste 101,670,Kent,Most Popular Chicken al Pastor Bowl,10.1,13.15
512 Ramsay Way Ste 101,670,Kent,Wholesome Bowl,12.4,16.15
512 Ramsay Way Ste 101,670,Kent,Keto Salad Bowl,9.6,12.5
512 Ramsay Way Ste 101,670,Kent,High Protein Bowl,13.35,17.4
512 Ramsay Way Ste 101,670,Kent,Fan Favorite Chicken Bowl,11.2,14.6
512 Ramsay Way Ste 101,670,Kent,Fan Favorite Steak Salad,14.15,18.4
512 Ramsay Way Ste 101,670,Kent,Veggie Full Bowl,9.6,12.5
512 Ramsay Way Ste 101,670,Kent,Fan Favorite Veggie Burrito,9.6,12.5
512 Ramsay Way Ste 101,670,Kent,Plant Powered Bowl,12.4,16.15
512 Ramsay Way Ste 101,670,Kent,Go Half Veggie Bowl,9.6,12.5
2120 E Harmony Rd,1095,Ft Collins,Balanced Macros Bowl,11.6,15.1
2120 E Harmony Rd,1095,Ft Collins,Most Popular Chicken al Pastor Bowl,9.45,12.3
2120 E Harmony Rd,1095,Ft Collins,Wholesome Bowl,11.6,15.1
2120 E Harmony Rd,1095,Ft Collins,Keto Salad Bowl,8.95,11.65
2120 E Harmony Rd,1095,Ft Collins,High Protein Bowl,12.4,16.15
2120 E Harmony Rd,1095,Ft Collins,Fan Favorite Chicken Bowl,10.65,13.85
2120 E Harmony Rd,1095,Ft Collins,Fan Favorite Steak Salad,13.35,17.35
2120 E Harmony Rd,1095,Ft Collins,Veggie Full Bowl,8.95,11.65
2120 E Harmony Rd,1095,Ft Collins,Fan Favorite Veggie Burrito,8.95,11.65
2120 E Harmony Rd,1095,Ft Collins,Plant Powered Bowl,11.6,15.1
2120 E Harmony Rd,1095,Ft Collins,Go Half Veggie Bowl,8.95,11.65
7700 W Arrowhead Towne Ctr Ste 2067,1917,Arrowhead Towne Center,Balanced Macros Bowl,12.15,15.8
7700 W Arrowhead Towne Ctr Ste 2067,1917,Arrowhead Towne Center,Most Popular Chicken al Pastor Bowl,9.95,12.95
7700 W Arrowhead Towne Ctr Ste 2067,1917,Arrowhead Towne Center,Wholesome Bowl,12.15,15.8
7700 W Arrowhead Towne Ctr Ste 2067,1917,Arrowhead Towne Center,Keto Salad Bowl,9.45,12.3
7700 W Arrowhead Towne Ctr Ste 2067,1917,Arrowhead Towne Center,High Protein Bowl,13.25,17.25
7700 W Arrowhead Towne Ctr Ste 2067,1917,Arrowhead Towne Center,Fan Favorite Chicken Bowl,11.15,14.5
7700 W Arrowhead Towne Ctr Ste 2067,1917,Arrowhead Towne Center,Fan Favorite Steak Salad,13.9,18.05
7700 W Arrowhead Towne Ctr Ste 2067,1917,Arrowhead Towne Center,Veggie Full Bowl,9.45,12.3
7700 W Arrowhead Towne Ctr Ste 2067,1917,Arrowhead Towne Center,Fan Favorite Veggie Burrito,9.45,12.3
7700 W Arrowhead Towne Ctr Ste 2067,1917,Arrowhead Towne Center,Plant Powered Bowl,12.15,15.8
7700 W Arrowhead Towne Ctr Ste 2067,1917,Arrowhead Towne Center,Go Half Veggie Bowl,9.45,12.3
1474 N Kraemer Blvd Ste A3,3373,Placentia,Balanced Macros Bowl,11.75,15.3
1474 N Kraemer Blvd Ste A3,3373,Placentia,Most Popular Chicken al Pastor Bowl,9.6,12.5
1474 N Kraemer Blvd Ste A3,3373,Placentia,Wholesome Bowl,11.75,15.3
1474 N Kraemer Blvd Ste A3,3373,Placentia,Keto Salad Bowl,9.1,11.85
1474 N Kraemer Blvd Ste A3,3373,Placentia,High Protein Bowl,12.65,16.45
1474 N Kraemer Blvd Ste A3,3373,Placentia,Fan Favorite Chicken Bowl,10.8,14.05
1474 N Kraemer Blvd Ste A3,3373,Placentia,Fan Favorite Steak Salad,13.5,17.55
1474 N Kraemer Blvd Ste A3,3373,Placentia,Veggie Full Bowl,9.1,11.85
1474 N Kraemer Blvd Ste A3,3373,Placentia,Fan Favorite Veggie Burrito,9.1,11.85
1474 N Kraemer Blvd Ste A3,3373,Placentia,Plant Powered Bowl,11.75,15.3
1474 N Kraemer Blvd Ste A3,3373,Placentia,Go Half Veggie Bowl,9.1,11.85
7515 S University Blvd,189,Dry Creek,Balanced Macros Bowl,11.6,15.05
7515 S University Blvd,189,Dry Creek,Most Popular Chicken al Pastor Bowl,9.4,12.2
7515 S University Blvd,189,Dry Creek,Wholesome Bowl,11.6,15.05
7515 S University Blvd,189,Dry Creek,Keto Salad Bowl,8.9,11.55
7515 S University Blvd,189,Dry Creek,High Protein Bowl,12.4,16.1
7515 S University Blvd,189,Dry Creek,Fan Favorite Chicken Bowl,10.45,13.55
7515 S University Blvd,189,Dry Creek,Fan Favorite Steak Salad,13.35,17.35
7515 S University Blvd,189,Dry Creek,Veggie Full Bowl,8.9,11.55
7515 S University Blvd,189,Dry Creek,Fan Favorite Veggie Burrito,8.9,11.55
7515 S University Blvd,189,Dry Creek,Plant Powered Bowl,11.6,15.05
7515 S University Blvd,189,Dry Creek,Go Half Veggie Bowl,8.9,11.55
14255 W Colfax Ave Ste A,503,Colorado Mills,Balanced Macros Bowl,12.0,15.6
14255 W Colfax Ave Ste A,503,Colorado Mills,Most Popular Chicken al Pastor Bowl,9.85,12.8
14255 W Colfax Ave Ste A,503,Colorado Mills,Wholesome Bowl,12.0,15.6
14255 W Colfax Ave Ste A,503,Colorado Mills,Keto Salad Bowl,9.35,12.15
14255 W Colfax Ave Ste A,503,Colorado Mills,High Protein Bowl,13.05,16.95
14255 W Colfax Ave Ste A,503,Colorado Mills,Fan Favorite Chicken Bowl,10.95,14.25
14255 W Colfax Ave Ste A,503,Colorado Mills,Fan Favorite Steak Salad,13.75,17.9
14255 W Colfax Ave Ste A,503,Colorado Mills,Veggie Full Bowl,9.35,12.15
14255 W Colfax Ave Ste A,503,Colorado Mills,Fan Favorite Veggie Burrito,9.35,12.15
14255 W Colfax Ave Ste A,503,Colorado Mills,Plant Powered Bowl,12.0,15.6
14255 W Colfax Ave Ste A,503,Colorado Mills,Go Half Veggie Bowl,9.35,12.15
1125 W Rancho Vista Blvd Ste B,326,Palmdale,Balanced Macros Bowl,12.25,15.95
1125 W Rancho Vista Blvd Ste B,326,Palmdale,Most Popular Chicken al Pastor Bowl,10,13
1125 W Rancho Vista Blvd Ste B,326,Palmdale,Wholesome Bowl,12.25,15.95
1125 W Rancho Vista Blvd Ste B,326,Palmdale,Keto Salad Bowl,9.5,12.35
1125 W Rancho Vista Blvd Ste B,326,Palmdale,High Protein Bowl,13.25,17.25
1125 W Rancho Vista Blvd Ste B,326,Palmdale,Fan Favorite Chicken Bowl,11.1,14.45
1125 W Rancho Vista Blvd Ste B,326,Palmdale,Fan Favorite Steak Salad,14.0,18.25
1125 W Rancho Vista Blvd Ste B,326,Palmdale,Veggie Full Bowl,9.5,12.35
1125 W Rancho Vista Blvd Ste B,326,Palmdale,Fan Favorite Veggie Burrito,9.5,12.35
1125 W Rancho Vista Blvd Ste B,326,Palmdale,Plant Powered Bowl,12.25,15.95
1125 W Rancho Vista Blvd Ste B,326,Palmdale,Go Half Veggie Bowl,9.5,12.35
10811 Foothill Blvd,215,Rancho Cucamonga,Balanced Macros Bowl,12.4,16.15
10811 Foothill Blvd,215,Rancho Cucamonga,Most Popular Chicken al Pastor Bowl,10.1,13.15
10811 Foothill Blvd,215,Rancho Cucamonga,Wholesome Bowl,12.4,16.15
10811 Foothill Blvd,215,Rancho Cucamonga,Keto Salad Bowl,9.6,12.5
10811 Foothill Blvd,215,Rancho Cucamonga,High Protein Bowl,13.35,17.4
10811 Foothill Blvd,215,Rancho Cucamonga,Fan Favorite Chicken Bowl,11.2,14.6
10811 Foothill Blvd,215,Rancho Cucamonga,Fan Favorite Steak Salad,14.15,18.4
10811 Foothill Blvd,215,Rancho Cucamonga,Veggie Full Bowl,9.6,12.5
10811 Foothill Blvd,215,Rancho Cucamonga,Fan Favorite Veggie Burrito,9.6,12.5
10811 Foothill Blvd,215,Rancho Cucamonga,Plant Powered Bowl,12.4,16.15
10811 Foothill Blvd,215,Rancho Cucamonga,Go Half Veggie Bowl,9.6,12.5
2224 E Williams Field Rd Ste 109,1798,SanTan,Balanced Macros Bowl,11.8,15.35
2224 E Williams Field Rd Ste 109,1798,SanTan,Most Popular Chicken al Pastor Bowl,9.6,12.5
2224 E Williams Field Rd Ste 109,1798,SanTan,Wholesome Bowl,11.8,15.35
2224 E Williams Field Rd Ste 109,1798,SanTan,Keto Salad Bowl,9.1,11.85
2224 E Williams Field Rd Ste 109,1798,SanTan,High Protein Bowl,12.65,16.45
2224 E Williams Field Rd Ste 109,1798,SanTan,Fan Favorite Chicken Bowl,10.8,14.05
2224 E Williams Field Rd Ste 109,1798,SanTan,Fan Favorite Steak Salad,13.55,17.6
2224 E Williams Field Rd Ste 109,1798,SanTan,Veggie Full Bowl,9.1,11.85
2224 E Williams Field Rd Ste 109,1798,SanTan,Fan Favorite Veggie Burrito,9.1,11.85
2224 E Williams Field Rd Ste 109,1798,SanTan,Plant Powered Bowl,11.8,15.35
2224 E Williams Field Rd Ste 109,1798,SanTan,Go Half Veggie Bowl,9.1,11.85
10510 Stockdale Hwy,1588,River Walk Bakersfield,Balanced Macros Bowl,12.4,16.15
10510 Stockdale Hwy,1588,River Walk Bakersfield,Most Popular Chicken al Pastor Bowl,10.1,13.15
10510 Stockdale Hwy,1588,River Walk Bakersfield,Wholesome Bowl,12.4,16.15
10510 Stockdale Hwy,1588,River Walk Bakersfield,Keto Salad Bowl,9.6,12.5
10510 Stockdale Hwy,1588,River Walk Bakersfield,High Protein Bowl,13.35,17.4
10510 Stockdale Hwy,1588,River Walk Bakersfield,Fan Favorite Chicken Bowl,11.2,14.6
10510 Stockdale Hwy,1588,River Walk Bakersfield,Fan Favorite Steak Salad,14.15,18.4
10510 Stockdale Hwy,1588,River Walk Bakersfield,Veggie Full Bowl,9.6,12.5
10510 Stockdale Hwy,1588,River Walk Bakersfield,Fan Favorite Veggie Burrito,9.6,12.5
10510 Stockdale Hwy,1588,River Walk Bakersfield,Plant Powered Bowl,12.4,16.15
10510 Stockdale Hwy,1588,River Walk Bakersfield,Go Half Veggie Bowl,9.6,12.5
14925 Shady Grove Rd Unit L,293,Falls Grove,Balanced Macros Bowl,12.15,15.8
14925 Shady Grove Rd Unit L,293,Falls Grove,Most Popular Chicken al Pastor Bowl,9.95,12.95
14925 Shady Grove Rd Unit L,293,Falls Grove,Wholesome Bowl,12.15,15.8
14925 Shady Grove Rd Unit L,293,Falls Grove,Keto Salad Bowl,9.45,12.3
14925 Shady Grove Rd Unit L,293,Falls Grove,High Protein Bowl,13.25,17.25
14925 Shady Grove Rd Unit L,293,Falls Grove,Fan Favorite Chicken Bowl,11.15,14.5
14925 Shady Grove Rd Unit L,293,Falls Grove,Fan Favorite Steak Salad,13.9,18.05
14925 Shady Grove Rd Unit L,293,Falls Grove,Veggie Full Bowl,9.45,12.3
14925 Shady Grove Rd Unit L,293,Falls Grove,Fan Favorite Veggie Burrito,9.45,12.3
14925 Shady Grove Rd Unit L,293,Falls Grove,Plant Powered Bowl,12.15,15.8
14925 Shady Grove Rd Unit L,293,Falls Grove,Go Half Veggie Bowl,9.45,12.3
815 E Baseline Rd Ste 118,1322,Rural & Baseline,Balanced Macros Bowl,12.15,15.8
815 E Baseline Rd Ste 118,1322,Rural & Baseline,Most Popular Chicken al Pastor Bowl,9.95,12.95
815 E Baseline Rd Ste 118,1322,Rural & Baseline,Wholesome Bowl,12.15,15.8
815 E Baseline Rd Ste 118,1322,Rural & Baseline,Keto Salad Bowl,9.45,12.3
815 E Baseline Rd Ste 118,1322,Rural & Baseline,High Protein Bowl,13.25,17.25
815 E Baseline Rd Ste 118,1322,Rural & Baseline,Fan Favorite Chicken Bowl,11.15,14.5
815 E Baseline Rd Ste 118,1322,Rural & Baseline,Fan Favorite Steak Salad,13.9,18.05
815 E Baseline Rd Ste 118,1322,Rural & Baseline,Veggie Full Bowl,9.45,12.3
815 E Baseline Rd Ste 118,1322,Rural & Baseline,Fan Favorite Veggie Burrito,9.45,12.3
815 E Baseline Rd Ste 118,1322,Rural & Baseline,Plant Powered Bowl,12.15,15.8
815 E Baseline Rd Ste 118,1322,Rural & Baseline,Go Half Veggie Bowl,9.45,12.3
2209 W Wildcat Reserve Pkwy Unit E1A,755,Wildcat,Balanced Macros Bowl,11.95,15.55
2209 W Wildcat Reserve Pkwy Unit E1A,755,Wildcat,Most Popular Chicken al Pastor Bowl,9.75,12.7
2209 W Wildcat Reserve Pkwy Unit E1A,755,Wildcat,Wholesome Bowl,11.95,15.55
2209 W Wildcat Reserve Pkwy Unit E1A,755,Wildcat,Keto Salad Bowl,9.25,12.05
2209 W Wildcat Reserve Pkwy Unit E1A,755,Wildcat,High Protein Bowl,12.9,16.8
2209 W Wildcat Reserve Pkwy Unit E1A,755,Wildcat,Fan Favorite Chicken Bowl,10.95,14.25
2209 W Wildcat Reserve Pkwy Unit E1A,755,Wildcat,Fan Favorite Steak Salad,13.7,17.8
2209 W Wildcat Reserve Pkwy Unit E1A,755,Wildcat,Veggie Full Bowl,9.25,12.05
2209 W Wildcat Reserve Pkwy Unit E1A,755,Wildcat,Fan Favorite Veggie Burrito,9.25,12.05
2209 W Wildcat Reserve Pkwy Unit E1A,755,Wildcat,Plant Powered Bowl,11.95,15.55
2209 W Wildcat Reserve Pkwy Unit E1A,755,Wildcat,Go Half Veggie Bowl,9.25,12.05
3440 E Baseline Rd Ste 104,1710,Dana Park,Balanced Macros Bowl,12.15,15.8
3440 E Baseline Rd Ste 104,1710,Dana Park,Most Popular Chicken al Pastor Bowl,9.95,12.95
3440 E Baseline Rd Ste 104,1710,Dana Park,Wholesome Bowl,12.15,15.8
3440 E Baseline Rd Ste 104,1710,Dana Park,Keto Salad Bowl,9.45,12.3
3440 E Baseline Rd Ste 104,1710,Dana Park,High Protein Bowl,13.25,17.25
3440 E Baseline Rd Ste 104,1710,Dana Park,Fan Favorite Chicken Bowl,11.15,14.5
3440 E Baseline Rd Ste 104,1710,Dana Park,Fan Favorite Steak Salad,13.9,18.05
3440 E Baseline Rd Ste 104,1710,Dana Park,Veggie Full Bowl,9.45,12.3
3440 E Baseline Rd Ste 104,1710,Dana Park,Fan Favorite Veggie Burrito,9.45,12.3
3440 E Baseline Rd Ste 104,1710,Dana Park,Plant Powered Bowl,12.15,15.8
3440 E Baseline Rd Ste 104,1710,Dana Park,Go Half Veggie Bowl,9.45,12.3
951 E 120th Ave Unit A,264,Thornton,Balanced Macros Bowl,11.6,15.05
951 E 120th Ave Unit A,264,Thornton,Most Popular Chicken al Pastor Bowl,9.4,12.2
951 E 120th Ave Unit A,264,Thornton,Wholesome Bowl,11.6,15.05
951 E 120th Ave Unit A,264,Thornton,Keto Salad Bowl,8.9,11.55
951 E 120th Ave Unit A,264,Thornton,High Protein Bowl,12.4,16.1
951 E 120th Ave Unit A,264,Thornton,Fan Favorite Chicken Bowl,10.45,13.55
951 E 120th Ave Unit A,264,Thornton,Fan Favorite Steak Salad,13.35,17.35
951 E 120th Ave Unit A,264,Thornton,Veggie Full Bowl,8.9,11.55
951 E 120th Ave Unit A,264,Thornton,Fan Favorite Veggie Burrito,8.9,11.55
951 E 120th Ave Unit A,264,Thornton,Plant Powered Bowl,11.6,15.05
951 E 120th Ave Unit A,264,Thornton,Go Half Veggie Bowl,8.9,11.55
16241 Beach Blvd,1176,Beach Blvd.,Balanced Macros Bowl,12.0,15.6
16241 Beach Blvd,1176,Beach Blvd.,Most Popular Chicken al Pastor Bowl,9.85,12.8
16241 Beach Blvd,1176,Beach Blvd.,Wholesome Bowl,12.0,15.6
16241 Beach Blvd,1176,Beach Blvd.,Keto Salad Bowl,9.35,12.15
16241 Beach Blvd,1176,Beach Blvd.,High Protein Bowl,13.05,16.95
16241 Beach Blvd,1176,Beach Blvd.,Fan Favorite Chicken Bowl,10.95,14.25
16241 Beach Blvd,1176,Beach Blvd.,Fan Favorite Steak Salad,13.75,17.9
16241 Beach Blvd,1176,Beach Blvd.,Veggie Full Bowl,9.35,12.15
16241 Beach Blvd,1176,Beach Blvd.,Fan Favorite Veggie Burrito,9.35,12.15
16241 Beach Blvd,1176,Beach Blvd.,Plant Powered Bowl,12.0,15.6
16241 Beach Blvd,1176,Beach Blvd.,Go Half Veggie Bowl,9.35,12.15
849 W Riverdale Rd,3070,Riverdale Road,Balanced Macros Bowl,12.15,15.8
849 W Riverdale Rd,3070,Riverdale Road,Most Popular Chicken al Pastor Bowl,9.95,12.95
849 W Riverdale Rd,3070,Riverdale Road,Wholesome Bowl,12.15,15.8
849 W Riverdale Rd,3070,Riverdale Road,Keto Salad Bowl,9.45,12.3
849 W Riverdale Rd,3070,Riverdale Road,High Protein Bowl,13.25,17.25
849 W Riverdale Rd,3070,Riverdale Road,Fan Favorite Chicken Bowl,11.15,14.5
849 W Riverdale Rd,3070,Riverdale Road,Fan Favorite Steak Salad,13.9,18.05
849 W Riverdale Rd,3070,Riverdale Road,Veggie Full Bowl,9.45,12.3
849 W Riverdale Rd,3070,Riverdale Road,Fan Favorite Veggie Burrito,9.45,12.3
849 W Riverdale Rd,3070,Riverdale Road,Plant Powered Bowl,12.15,15.8
849 W Riverdale Rd,3070,Riverdale Road,Go Half Veggie Bowl,9.45,12.3
3395 W Chandler Blvd Ste 1,1718,Chandler Boulevard Shops,Balanced Macros Bowl,11.6,15.05
3395 W Chandler Blvd Ste 1,1718,Chandler Boulevard Shops,Most Popular Chicken al Pastor Bowl,9.4,12.2
3395 W Chandler Blvd Ste 1,1718,Chandler Boulevard Shops,Wholesome Bowl,11.6,15.05
3395 W Chandler Blvd Ste 1,1718,Chandler Boulevard Shops,Keto Salad Bowl,8.9,11.55
3395 W Chandler Blvd Ste 1,1718,Chandler Boulevard Shops,High Protein Bowl,12.4,16.1
3395 W Chandler Blvd Ste 1,1718,Chandler Boulevard Shops,Fan Favorite Chicken Bowl,10.45,13.55
3395 W Chandler Blvd Ste 1,1718,Chandler Boulevard Shops,Fan Favorite Steak Salad,13.35,17.35
3395 W Chandler Blvd Ste 1,1718,Chandler Boulevard Shops,Veggie Full Bowl,8.9,11.55
3395 W Chandler Blvd Ste 1,1718,Chandler Boulevard Shops,Fan Favorite Veggie Burrito,8.9,11.55
3395 W Chandler Blvd Ste 1,1718,Chandler Boulevard Shops,Plant Powered Bowl,11.6,15.05
3395 W Chandler Blvd Ste 1,1718,Chandler Boulevard Shops,Go Half Veggie Bowl,8.9,11.55
16595 Sierra Lakes Pkwy Ste 100,2866,Sierra Lakes,Balanced Macros Bowl,12.4,16.15
16595 Sierra Lakes Pkwy Ste 100,2866,Sierra Lakes,Most Popular Chicken al Pastor Bowl,10.1,13.15
16595 Sierra Lakes Pkwy Ste 100,2866,Sierra Lakes,Wholesome Bowl,12.4,16.15
16595 Sierra Lakes Pkwy Ste 100,2866,Sierra Lakes,Keto Salad Bowl,9.6,12.5
16595 Sierra Lakes Pkwy Ste 100,2866,Sierra Lakes,High Protein Bowl,13.35,17.4
16595 Sierra Lakes Pkwy Ste 100,2866,Sierra Lakes,Fan Favorite Chicken Bowl,11.2,14.6
16595 Sierra Lakes Pkwy Ste 100,2866,Sierra Lakes,Fan Favorite Steak Salad,14.15,18.4
16595 Sierra Lakes Pkwy Ste 100,2866,Sierra Lakes,Veggie Full Bowl,9.6,12.5
16595 Sierra Lakes Pkwy Ste 100,2866,Sierra Lakes,Fan Favorite Veggie Burrito,9.6,12.5
16595 Sierra Lakes Pkwy Ste 100,2866,Sierra Lakes,Plant Powered Bowl,12.4,16.15
16595 Sierra Lakes Pkwy Ste 100,2866,Sierra Lakes,Go Half Veggie Bowl,9.6,12.5
3966 Barranca Pkwy,1492,The Crossroads,Balanced Macros Bowl,12.0,15.6
3966 Barranca Pkwy,1492,The Crossroads,Most Popular Chicken al Pastor Bowl,9.85,12.8
3966 Barranca Pkwy,1492,The Crossroads,Wholesome Bowl,12.0,15.6
3966 Barranca Pkwy,1492,The Crossroads,Keto Salad Bowl,9.35,12.15
3966 Barranca Pkwy,1492,The Crossroads,High Protein Bowl,13.05,16.95
3966 Barranca Pkwy,1492,The Crossroads,Fan Favorite Chicken Bowl,10.95,14.25
3966 Barranca Pkwy,1492,The Crossroads,Fan Favorite Steak Salad,13.75,17.9
3966 Barranca Pkwy,1492,The Crossroads,Veggie Full Bowl,9.35,12.15
3966 Barranca Pkwy,1492,The Crossroads,Fan Favorite Veggie Burrito,9.35,12.15
3966 Barranca Pkwy,1492,The Crossroads,Plant Powered Bowl,12.0,15.6
3966 Barranca Pkwy,1492,The Crossroads,Go Half Veggie Bowl,9.35,12.15
9301 E Shea Blvd Ste 102,45,92nd & Shea,Balanced Macros Bowl,12.15,15.8
9301 E Shea Blvd Ste 102,45,92nd & Shea,Most Popular Chicken al Pastor Bowl,9.95,12.95
9301 E Shea Blvd Ste 102,45,92nd & Shea,Wholesome Bowl,12.15,15.8
9301 E Shea Blvd Ste 102,45,92nd & Shea,Keto Salad Bowl,9.45,12.3
9301 E Shea Blvd Ste 102,45,92nd & Shea,High Protein Bowl,13.25,17.25
9301 E Shea Blvd Ste 102,45,92nd & Shea,Fan Favorite Chicken Bowl,11.15,14.5
9301 E Shea Blvd Ste 102,45,92nd & Shea,Fan Favorite Steak Salad,13.9,18.05
9301 E Shea Blvd Ste 102,45,92nd & Shea,Veggie Full Bowl,9.45,12.3
9301 E Shea Blvd Ste 102,45,92nd & Shea,Fan Favorite Veggie Burrito,9.45,12.3
9301 E Shea Blvd Ste 102,45,92nd & Shea,Plant Powered Bowl,12.15,15.8
9301 E Shea Blvd Ste 102,45,92nd & Shea,Go Half Veggie Bowl,9.45,12.3
26661 Aliso Creek Rd Ste A,3372,Aliso Viejo,Balanced Macros Bowl,12.4,16.15
26661 Aliso Creek Rd Ste A,3372,Aliso Viejo,Most Popular Chicken al Pastor Bowl,10.1,13.15
26661 Aliso Creek Rd Ste A,3372,Aliso Viejo,Wholesome Bowl,12.4,16.15
26661 Aliso Creek Rd Ste A,3372,Aliso Viejo,Keto Salad Bowl,9.6,12.5
26661 Aliso Creek Rd Ste A,3372,Aliso Viejo,High Protein Bowl,13.35,17.4
26661 Aliso Creek Rd Ste A,3372,Aliso Viejo,Fan Favorite Chicken Bowl,11.2,14.6
26661 Aliso Creek Rd Ste A,3372,Aliso Viejo,Fan Favorite Steak Salad,14.15,18.4
26661 Aliso Creek Rd Ste A,3372,Aliso Viejo,Veggie Full Bowl,9.6,12.5
26661 Aliso Creek Rd Ste A,3372,Aliso Viejo,Fan Favorite Veggie Burrito,9.6,12.5
26661 Aliso Creek Rd Ste A,3372,Aliso Viejo,Plant Powered Bowl,12.4,16.15
26661 Aliso Creek Rd Ste A,3372,Aliso Viejo,Go Half Veggie Bowl,9.6,12.5
145 Falcon Ridge Pkwy,4654,Falcon Ridge & I-15,Balanced Macros Bowl,12.25,15.95
145 Falcon Ridge Pkwy,4654,Falcon Ridge & I-15,Most Popular Chicken al Pastor Bowl,10,13
145 Falcon Ridge Pkwy,4654,Falcon Ridge & I-15,Wholesome Bowl,12.25,15.95
145 Falcon Ridge Pkwy,4654,Falcon Ridge & I-15,Keto Salad Bowl,9.5,12.35
145 Falcon Ridge Pkwy,4654,Falcon Ridge & I-15,High Protein Bowl,13.25,17.25
145 Falcon Ridge Pkwy,4654,Falcon Ridge & I-15,Fan Favorite Chicken Bowl,11.1,14.45
145 Falcon Ridge Pkwy,4654,Falcon Ridge & I-15,Fan Favorite Steak Salad,14.0,18.25
145 Falcon Ridge Pkwy,4654,Falcon Ridge & I-15,Veggie Full Bowl,9.5,12.35
145 Falcon Ridge Pkwy,4654,Falcon Ridge & I-15,Fan Favorite Veggie Burrito,9.5,12.35
145 Falcon Ridge Pkwy,4654,Falcon Ridge & I-15,Plant Powered Bowl,12.25,15.95
145 Falcon Ridge Pkwy,4654,Falcon Ridge & I-15,Go Half Veggie Bowl,9.5,12.35
4530 S Maryland Pkwy,363,Maryland Parkway,Balanced Macros Bowl,11.1,14.45
4530 S Maryland Pkwy,363,Maryland Parkway,Most Popular Chicken al Pastor Bowl,9,11.7
4530 S Maryland Pkwy,363,Maryland Parkway,Wholesome Bowl,11.1,14.45
4530 S Maryland Pkwy,363,Maryland Parkway,Keto Salad Bowl,8.5,11.05
4530 S Maryland Pkwy,363,Maryland Parkway,High Protein Bowl,11.8,15.35
4530 S Maryland Pkwy,363,Maryland Parkway,Fan Favorite Chicken Bowl,9.95,12.95
4530 S Maryland Pkwy,363,Maryland Parkway,Fan Favorite Steak Salad,12.85,16.75
4530 S Maryland Pkwy,363,Maryland Parkway,Veggie Full Bowl,8.5,11.05
4530 S Maryland Pkwy,363,Maryland Parkway,Fan Favorite Veggie Burrito,8.5,11.05
4530 S Maryland Pkwy,363,Maryland Parkway,Plant Powered Bowl,11.1,14.45
4530 S Maryland Pkwy,363,Maryland Parkway,Go Half Veggie Bowl,8.5,11.05
4984 S Power Rd,698,Power & 202,Balanced Macros Bowl,12.15,15.8
4984 S Power Rd,698,Power & 202,Most Popular Chicken al Pastor Bowl,9.95,12.95
4984 S Power Rd,698,Power & 202,Wholesome Bowl,12.15,15.8
4984 S Power Rd,698,Power & 202,Keto Salad Bowl,9.45,12.3
4984 S Power Rd,698,Power & 202,High Protein Bowl,13.25,17.25
4984 S Power Rd,698,Power & 202,Fan Favorite Chicken Bowl,11.15,14.5
4984 S Power Rd,698,Power & 202,Fan Favorite Steak Salad,13.9,18.05
4984 S Power Rd,698,Power & 202,Veggie Full Bowl,9.45,12.3
4984 S Power Rd,698,Power & 202,Fan Favorite Veggie Burrito,9.45,12.3
4984 S Power Rd,698,Power & 202,Plant Powered Bowl,12.15,15.8
4984 S Power Rd,698,Power & 202,Go Half Veggie Bowl,9.45,12.3
575 Ritchie Hwy,1168,Severna Park,Balanced Macros Bowl,12.15,15.8
575 Ritchie Hwy,1168,Severna Park,Most Popular Chicken al Pastor Bowl,9.95,12.95
575 Ritchie Hwy,1168,Severna Park,Wholesome Bowl,12.15,15.8
575 Ritchie Hwy,1168,Severna Park,Keto Salad Bowl,9.45,12.3
575 Ritchie Hwy,1168,Severna Park,High Protein Bowl,13.25,17.25
575 Ritchie Hwy,1168,Severna Park,Fan Favorite Chicken Bowl,11.15,14.5
575 Ritchie Hwy,1168,Severna Park,Fan Favorite Steak Salad,13.9,18.05
575 Ritchie Hwy,1168,Severna Park,Veggie Full Bowl,9.45,12.3
575 Ritchie Hwy,1168,Severna Park,Fan Favorite Veggie Burrito,9.45,12.3
575 Ritchie Hwy,1168,Severna Park,Plant Powered Bowl,12.15,15.8
575 Ritchie Hwy,1168,Severna Park,Go Half Veggie Bowl,9.45,12.3
12625 Frederick St,1916,Moreno Valley 2,Balanced Macros Bowl,11.6,15.1
12625 Frederick St,1916,Moreno Valley 2,Most Popular Chicken al Pastor Bowl,9.45,12.3
12625 Frederick St,1916,Moreno Valley 2,Wholesome Bowl,11.6,15.1
12625 Frederick St,1916,Moreno Valley 2,Keto Salad Bowl,8.95,11.65
12625 Frederick St,1916,Moreno Valley 2,High Protein Bowl,12.4,16.15
12625 Frederick St,1916,Moreno Valley 2,Fan Favorite Chicken Bowl,10.65,13.85
12625 Frederick St,1916,Moreno Valley 2,Fan Favorite Steak Salad,13.35,17.35
12625 Frederick St,1916,Moreno Valley 2,Veggie Full Bowl,8.95,11.65
12625 Frederick St,1916,Moreno Valley 2,Fan Favorite Veggie Burrito,8.95,11.65
12625 Frederick St,1916,Moreno Valley 2,Plant Powered Bowl,11.6,15.1
12625 Frederick St,1916,Moreno Valley 2,Go Half Veggie Bowl,8.95,11.65
2895 S Alma School Rd Ste 1,742,Alma School & Queen Creek,Balanced Macros Bowl,11.8,15.35
2895 S Alma School Rd Ste 1,742,Alma School & Queen Creek,Most Popular Chicken al Pastor Bowl,9.6,12.5
2895 S Alma School Rd Ste 1,742,Alma School & Queen Creek,Wholesome Bowl,11.8,15.35
2895 S Alma School Rd Ste 1,742,Alma School & Queen Creek,Keto Salad Bowl,9.1,11.85
2895 S Alma School Rd Ste 1,742,Alma School & Queen Creek,High Protein Bowl,12.65,16.45
2895 S Alma School Rd Ste 1,742,Alma School & Queen Creek,Fan Favorite Chicken Bowl,10.8,14.05
2895 S Alma School Rd Ste 1,742,Alma School & Queen Creek,Fan Favorite Steak Salad,13.55,17.6
2895 S Alma School Rd Ste 1,742,Alma School & Queen Creek,Veggie Full Bowl,9.1,11.85
2895 S Alma School Rd Ste 1,742,Alma School & Queen Creek,Fan Favorite Veggie Burrito,9.1,11.85
2895 S Alma School Rd Ste 1,742,Alma School & Queen Creek,Plant Powered Bowl,11.8,15.35
2895 S Alma School Rd Ste 1,742,Alma School & Queen Creek,Go Half Veggie Bowl,9.1,11.85
944 S Watson Rd,923,Sundance Town Center,Balanced Macros Bowl,11.95,15.55
944 S Watson Rd,923,Sundance Town Center,Most Popular Chicken al Pastor Bowl,9.75,12.7
944 S Watson Rd,923,Sundance Town Center,Wholesome Bowl,11.95,15.55
944 S Watson Rd,923,Sundance Town Center,Keto Salad Bowl,9.25,12.05
944 S Watson Rd,923,Sundance Town Center,High Protein Bowl,12.9,16.8
944 S Watson Rd,923,Sundance Town Center,Fan Favorite Chicken Bowl,10.95,14.25
944 S Watson Rd,923,Sundance Town Center,Fan Favorite Steak Salad,13.7,17.8
944 S Watson Rd,923,Sundance Town Center,Veggie Full Bowl,9.25,12.05
944 S Watson Rd,923,Sundance Town Center,Fan Favorite Veggie Burrito,9.25,12.05
944 S Watson Rd,923,Sundance Town Center,Plant Powered Bowl,11.95,15.55
944 S Watson Rd,923,Sundance Town Center,Go Half Veggie Bowl,9.25,12.05
30024 Haun Rd Ste 130,1229,Menifee,Balanced Macros Bowl,12.4,16.15
30024 Haun Rd Ste 130,1229,Menifee,Most Popular Chicken al Pastor Bowl,10.1,13.15
30024 Haun Rd Ste 130,1229,Menifee,Wholesome Bowl,12.4,16.15
30024 Haun Rd Ste 130,1229,Menifee,Keto Salad Bowl,9.6,12.5
30024 Haun Rd Ste 130,1229,Menifee,High Protein Bowl,13.35,17.4
30024 Haun Rd Ste 130,1229,Menifee,Fan Favorite Chicken Bowl,11.2,14.6
30024 Haun Rd Ste 130,1229,Menifee,Fan Favorite Steak Salad,14.15,18.4
30024 Haun Rd Ste 130,1229,Menifee,Veggie Full Bowl,9.6,12.5
30024 Haun Rd Ste 130,1229,Menifee,Fan Favorite Veggie Burrito,9.6,12.5
30024 Haun Rd Ste 130,1229,Menifee,Plant Powered Bowl,12.4,16.15
30024 Haun Rd Ste 130,1229,Menifee,Go Half Veggie Bowl,9.6,12.5
9925 W McDowell Rd Ste 101,861,99th & McDowell,Balanced Macros Bowl,11.95,15.55
9925 W McDowell Rd Ste 101,861,99th & McDowell,Most Popular Chicken al Pastor Bowl,9.75,12.7
9925 W McDowell Rd Ste 101,861,99th & McDowell,Wholesome Bowl,11.95,15.55
9925 W McDowell Rd Ste 101,861,99th & McDowell,Keto Salad Bowl,9.25,12.05
9925 W McDowell Rd Ste 101,861,99th & McDowell,High Protein Bowl,12.9,16.8
9925 W McDowell Rd Ste 101,861,99th & McDowell,Fan Favorite Chicken Bowl,10.95,14.25
9925 W McDowell Rd Ste 101,861,99th & McDowell,Fan Favorite Steak Salad,13.7,17.8
9925 W McDowell Rd Ste 101,861,99th & McDowell,Veggie Full Bowl,9.25,12.05
9925 W McDowell Rd Ste 101,861,99th & McDowell,Fan Favorite Veggie Burrito,9.25,12.05
9925 W McDowell Rd Ste 101,861,99th & McDowell,Plant Powered Bowl,11.95,15.55
9925 W McDowell Rd Ste 101,861,99th & McDowell,Go Half Veggie Bowl,9.25,12.05
26440 Ynez Rd Ste B,2434,Temecula,Balanced Macros Bowl,12.4,16.15
26440 Ynez Rd Ste B,2434,Temecula,Most Popular Chicken al Pastor Bowl,10.1,13.15
26440 Ynez Rd Ste B,2434,Temecula,Wholesome Bowl,12.4,16.15
26440 Ynez Rd Ste B,2434,Temecula,Keto Salad Bowl,9.6,12.5
26440 Ynez Rd Ste B,2434,Temecula,High Protein Bowl,13.35,17.4
26440 Ynez Rd Ste B,2434,Temecula,Fan Favorite Chicken Bowl,11.2,14.6
26440 Ynez Rd Ste B,2434,Temecula,Fan Favorite Steak Salad,14.15,18.4
26440 Ynez Rd Ste B,2434,Temecula,Veggie Full Bowl,9.6,12.5
26440 Ynez Rd Ste B,2434,Temecula,Fan Favorite Veggie Burrito,9.6,12.5
26440 Ynez Rd Ste B,2434,Temecula,Plant Powered Bowl,12.4,16.15
26440 Ynez Rd Ste B,2434,Temecula,Go Half Veggie Bowl,9.6,12.5
12411 Limonite Ave Ste 600,1465,Eastvale,Balanced Macros Bowl,12.4,16.15
12411 Limonite Ave Ste 600,1465,Eastvale,Most Popular Chicken al Pastor Bowl,10.1,13.15
12411 Limonite Ave Ste 600,1465,Eastvale,Wholesome Bowl,12.4,16.15
12411 Limonite Ave Ste 600,1465,Eastvale,Keto Salad Bowl,9.6,12.5
12411 Limonite Ave Ste 600,1465,Eastvale,High Protein Bowl,13.35,17.4
12411 Limonite Ave Ste 600,1465,Eastvale,Fan Favorite Chicken Bowl,11.2,14.6
12411 Limonite Ave Ste 600,1465,Eastvale,Fan Favorite Steak Salad,14.15,18.4
12411 Limonite Ave Ste 600,1465,Eastvale,Veggie Full Bowl,9.6,12.5
12411 Limonite Ave Ste 600,1465,Eastvale,Fan Favorite Veggie Burrito,9.6,12.5
12411 Limonite Ave Ste 600,1465,Eastvale,Plant Powered Bowl,12.4,16.15
12411 Limonite Ave Ste 600,1465,Eastvale,Go Half Veggie Bowl,9.6,12.5
7370 Las Vegas Blvd S,407,Belz,Balanced Macros Bowl,11.4,14.85
7370 Las Vegas Blvd S,407,Belz,Most Popular Chicken al Pastor Bowl,9.25,12.05
7370 Las Vegas Blvd S,407,Belz,Wholesome Bowl,11.4,14.85
7370 Las Vegas Blvd S,407,Belz,Keto Salad Bowl,8.75,11.4
7370 Las Vegas Blvd S,407,Belz,High Protein Bowl,12.2,15.9
7370 Las Vegas Blvd S,407,Belz,Fan Favorite Chicken Bowl,10.3,13.4
7370 Las Vegas Blvd S,407,Belz,Fan Favorite Steak Salad,13.15,17.1
7370 Las Vegas Blvd S,407,Belz,Veggie Full Bowl,8.75,11.4
7370 Las Vegas Blvd S,407,Belz,Fan Favorite Veggie Burrito,8.75,11.4
7370 Las Vegas Blvd S,407,Belz,Plant Powered Bowl,11.4,14.85
7370 Las Vegas Blvd S,407,Belz,Go Half Veggie Bowl,8.75,11.4
305 S 6th St,2259,Downtown Boise,Balanced Macros Bowl,11.8,15.35
305 S 6th St,2259,Downtown Boise,Most Popular Chicken al Pastor Bowl,9.6,12.5
305 S 6th St,2259,Downtown Boise,Wholesome Bowl,11.8,15.35
305 S 6th St,2259,Downtown Boise,Keto Salad Bowl,9.1,11.85
305 S 6th St,2259,Downtown Boise,High Protein Bowl,12.65,16.45
305 S 6th St,2259,Downtown Boise,Fan Favorite Chicken Bowl,10.8,14.05
305 S 6th St,2259,Downtown Boise,Fan Favorite Steak Salad,13.55,17.6
305 S 6th St,2259,Downtown Boise,Veggie Full Bowl,9.1,11.85
305 S 6th St,2259,Downtown Boise,Fan Favorite Veggie Burrito,9.1,11.85
305 S 6th St,2259,Downtown Boise,Plant Powered Bowl,11.8,15.35
305 S 6th St,2259,Downtown Boise,Go Half Veggie Bowl,9.1,11.85
365 Hughes Center Dr Ste 140,2431,Hughes Center,Balanced Macros Bowl,11.75,15.3
365 Hughes Center Dr Ste 140,2431,Hughes Center,Most Popular Chicken al Pastor Bowl,9.6,12.5
365 Hughes Center Dr Ste 140,2431,Hughes Center,Wholesome Bowl,11.75,15.3
365 Hughes Center Dr Ste 140,2431,Hughes Center,Keto Salad Bowl,9.1,11.85
365 Hughes Center Dr Ste 140,2431,Hughes Center,High Protein Bowl,12.65,16.45
365 Hughes Center Dr Ste 140,2431,Hughes Center,Fan Favorite Chicken Bowl,10.8,14.05
365 Hughes Center Dr Ste 140,2431,Hughes Center,Fan Favorite Steak Salad,13.5,17.55
365 Hughes Center Dr Ste 140,2431,Hughes Center,Veggie Full Bowl,9.1,11.85
365 Hughes Center Dr Ste 140,2431,Hughes Center,Fan Favorite Veggie Burrito,9.1,11.85
365 Hughes Center Dr Ste 140,2431,Hughes Center,Plant Powered Bowl,11.75,15.3
365 Hughes Center Dr Ste 140,2431,Hughes Center,Go Half Veggie Bowl,9.1,11.85
1100 Ken Pratt Blvd Ste B,13,Longmont,Balanced Macros Bowl,11.6,15.1
1100 Ken Pratt Blvd Ste B,13,Longmont,Most Popular Chicken al Pastor Bowl,9.45,12.3
1100 Ken Pratt Blvd Ste B,13,Longmont,Wholesome Bowl,11.6,15.1
1100 Ken Pratt Blvd Ste B,13,Longmont,Keto Salad Bowl,8.95,11.65
1100 Ken Pratt Blvd Ste B,13,Longmont,High Protein Bowl,12.4,16.15
1100 Ken Pratt Blvd Ste B,13,Longmont,Fan Favorite Chicken Bowl,10.65,13.85
1100 Ken Pratt Blvd Ste B,13,Longmont,Fan Favorite Steak Salad,13.35,17.35
1100 Ken Pratt Blvd Ste B,13,Longmont,Veggie Full Bowl,8.95,11.65
1100 Ken Pratt Blvd Ste B,13,Longmont,Fan Favorite Veggie Burrito,8.95,11.65
1100 Ken Pratt Blvd Ste B,13,Longmont,Plant Powered Bowl,11.6,15.1
1100 Ken Pratt Blvd Ste B,13,Longmont,Go Half Veggie Bowl,8.95,11.65
162 W Hillcrest Dr Ste 300,2767,Thousand Oaks,Balanced Macros Bowl,12.25,15.95
162 W Hillcrest Dr Ste 300,2767,Thousand Oaks,Most Popular Chicken al Pastor Bowl,10,13
162 W Hillcrest Dr Ste 300,2767,Thousand Oaks,Wholesome Bowl,12.25,15.95
162 W Hillcrest Dr Ste 300,2767,Thousand Oaks,Keto Salad Bowl,9.5,12.35
162 W Hillcrest Dr Ste 300,2767,Thousand Oaks,High Protein Bowl,13.25,17.25
162 W Hillcrest Dr Ste 300,2767,Thousand Oaks,Fan Favorite Chicken Bowl,11.1,14.45
162 W Hillcrest Dr Ste 300,2767,Thousand Oaks,Fan Favorite Steak Salad,14.0,18.25
162 W Hillcrest Dr Ste 300,2767,Thousand Oaks,Veggie Full Bowl,9.5,12.35
162 W Hillcrest Dr Ste 300,2767,Thousand Oaks,Fan Favorite Veggie Burrito,9.5,12.35
162 W Hillcrest Dr Ste 300,2767,Thousand Oaks,Plant Powered Bowl,12.25,15.95
162 W Hillcrest Dr Ste 300,2767,Thousand Oaks,Go Half Veggie Bowl,9.5,12.35
12152 Sunset Hills Rd,285,Reston,Balanced Macros Bowl,12.8,16.6
12152 Sunset Hills Rd,285,Reston,Most Popular Chicken al Pastor Bowl,10.4,13.5
12152 Sunset Hills Rd,285,Reston,Wholesome Bowl,12.8,16.6
12152 Sunset Hills Rd,285,Reston,Keto Salad Bowl,9.9,12.85
12152 Sunset Hills Rd,285,Reston,High Protein Bowl,13.7,17.8
12152 Sunset Hills Rd,285,Reston,Fan Favorite Chicken Bowl,11.6,15.05
12152 Sunset Hills Rd,285,Reston,Fan Favorite Steak Salad,14.55,18.9
12152 Sunset Hills Rd,285,Reston,Veggie Full Bowl,9.9,12.85
12152 Sunset Hills Rd,285,Reston,Fan Favorite Veggie Burrito,9.9,12.85
12152 Sunset Hills Rd,285,Reston,Plant Powered Bowl,12.8,16.6
12152 Sunset Hills Rd,285,Reston,Go Half Veggie Bowl,9.9,12.85
19825 Belmont Chase Dr Ste 130,2456,Shops at Belmont,Balanced Macros Bowl,13.0,16.9
19825 Belmont Chase Dr Ste 130,2456,Shops at Belmont,Most Popular Chicken al Pastor Bowl,10.6,13.8
19825 Belmont Chase Dr Ste 130,2456,Shops at Belmont,Wholesome Bowl,13.0,16.9
19825 Belmont Chase Dr Ste 130,2456,Shops at Belmont,Keto Salad Bowl,10.1,13.15
19825 Belmont Chase Dr Ste 130,2456,Shops at Belmont,High Protein Bowl,13.95,18.15
19825 Belmont Chase Dr Ste 130,2456,Shops at Belmont,Fan Favorite Chicken Bowl,11.8,15.35
19825 Belmont Chase Dr Ste 130,2456,Shops at Belmont,Fan Favorite Steak Salad,14.75,19.15
19825 Belmont Chase Dr Ste 130,2456,Shops at Belmont,Veggie Full Bowl,10.1,13.15
19825 Belmont Chase Dr Ste 130,2456,Shops at Belmont,Fan Favorite Veggie Burrito,10.1,13.15
19825 Belmont Chase Dr Ste 130,2456,Shops at Belmont,Plant Powered Bowl,13.0,16.9
19825 Belmont Chase Dr Ste 130,2456,Shops at Belmont,Go Half Veggie Bowl,10.1,13.15
806 Avenida Pico Ste D,1683,San Clemente,Balanced Macros Bowl,12.4,16.15
806 Avenida Pico Ste D,1683,San Clemente,Most Popular Chicken al Pastor Bowl,10.1,13.15
806 Avenida Pico Ste D,1683,San Clemente,Wholesome Bowl,12.4,16.15
806 Avenida Pico Ste D,1683,San Clemente,Keto Salad Bowl,9.6,12.5
806 Avenida Pico Ste D,1683,San Clemente,High Protein Bowl,13.35,17.4
806 Avenida Pico Ste D,1683,San Clemente,Fan Favorite Chicken Bowl,11.2,14.6
806 Avenida Pico Ste D,1683,San Clemente,Fan Favorite Steak Salad,14.15,18.4
806 Avenida Pico Ste D,1683,San Clemente,Veggie Full Bowl,9.6,12.5
806 Avenida Pico Ste D,1683,San Clemente,Fan Favorite Veggie Burrito,9.6,12.5
806 Avenida Pico Ste D,1683,San Clemente,Plant Powered Bowl,12.4,16.15
806 Avenida Pico Ste D,1683,San Clemente,Go Half Veggie Bowl,9.6,12.5
6443 Canoga Ave,1647,Warner Center,Balanced Macros Bowl,11.75,15.3
6443 Canoga Ave,1647,Warner Center,Most Popular Chicken al Pastor Bowl,9.6,12.5
6443 Canoga Ave,1647,Warner Center,Wholesome Bowl,11.75,15.3
6443 Canoga Ave,1647,Warner Center,Keto Salad Bowl,9.1,11.85
6443 Canoga Ave,1647,Warner Center,High Protein Bowl,12.65,16.45
6443 Canoga Ave,1647,Warner Center,Fan Favorite Chicken Bowl,10.8,14.05
6443 Canoga Ave,1647,Warner Center,Fan Favorite Steak Salad,13.5,17.55
6443 Canoga Ave,1647,Warner Center,Veggie Full Bowl,9.1,11.85
6443 Canoga Ave,1647,Warner Center,Fan Favorite Veggie Burrito,9.1,11.85
6443 Canoga Ave,1647,Warner Center,Plant Powered Bowl,11.75,15.3
6443 Canoga Ave,1647,Warner Center,Go Half Veggie Bowl,9.1,11.85
655 S Cotton Ln,4248,Canyon Trails,Balanced Macros Bowl,12.15,15.8
655 S Cotton Ln,4248,Canyon Trails,Most Popular Chicken al Pastor Bowl,9.95,12.95
655 S Cotton Ln,4248,Canyon Trails,Wholesome Bowl,12.15,15.8
655 S Cotton Ln,4248,Canyon Trails,Keto Salad Bowl,9.45,12.3
655 S Cotton Ln,4248,Canyon Trails,High Protein Bowl,13.25,17.25
655 S Cotton Ln,4248,Canyon Trails,Fan Favorite Chicken Bowl,11.15,14.5
655 S Cotton Ln,4248,Canyon Trails,Fan Favorite Steak Salad,13.9,18.05
655 S Cotton Ln,4248,Canyon Trails,Veggie Full Bowl,9.45,12.3
655 S Cotton Ln,4248,Canyon Trails,Fan Favorite Veggie Burrito,9.45,12.3
655 S Cotton Ln,4248,Canyon Trails,Plant Powered Bowl,12.15,15.8
655 S Cotton Ln,4248,Canyon Trails,Go Half Veggie Bowl,9.45,12.3
2805 N Scottsdale Rd Ste 105,1977,Scottsdale and Thomas,Balanced Macros Bowl,11.95,15.55
2805 N Scottsdale Rd Ste 105,1977,Scottsdale and Thomas,Most Popular Chicken al Pastor Bowl,9.75,12.7
2805 N Scottsdale Rd Ste 105,1977,Scottsdale and Thomas,Wholesome Bowl,11.95,15.55
2805 N Scottsdale Rd Ste 105,1977,Scottsdale and Thomas,Keto Salad Bowl,9.25,12.05
2805 N Scottsdale Rd Ste 105,1977,Scottsdale and Thomas,High Protein Bowl,12.9,16.8
2805 N Scottsdale Rd Ste 105,1977,Scottsdale and Thomas,Fan Favorite Chicken Bowl,10.95,14.25
2805 N Scottsdale Rd Ste 105,1977,Scottsdale and Thomas,Fan Favorite Steak Salad,13.7,17.8
2805 N Scottsdale Rd Ste 105,1977,Scottsdale and Thomas,Veggie Full Bowl,9.25,12.05
2805 N Scottsdale Rd Ste 105,1977,Scottsdale and Thomas,Fan Favorite Veggie Burrito,9.25,12.05
2805 N Scottsdale Rd Ste 105,1977,Scottsdale and Thomas,Plant Powered Bowl,11.95,15.55
2805 N Scottsdale Rd Ste 105,1977,Scottsdale and Thomas,Go Half Veggie Bowl,9.25,12.05
1365 E Gladstone St Ste 700,935,Glendora,Balanced Macros Bowl,12.6,16.4
1365 E Gladstone St Ste 700,935,Glendora,Most Popular Chicken al Pastor Bowl,10.25,13.35
1365 E Gladstone St Ste 700,935,Glendora,Wholesome Bowl,12.6,16.4
1365 E Gladstone St Ste 700,935,Glendora,Keto Salad Bowl,9.75,12.7
1365 E Gladstone St Ste 700,935,Glendora,High Protein Bowl,13.5,17.6
1365 E Gladstone St Ste 700,935,Glendora,Fan Favorite Chicken Bowl,11.35,14.8
1365 E Gladstone St Ste 700,935,Glendora,Fan Favorite Steak Salad,14.35,18.65
1365 E Gladstone St Ste 700,935,Glendora,Veggie Full Bowl,9.75,12.7
1365 E Gladstone St Ste 700,935,Glendora,Fan Favorite Veggie Burrito,9.75,12.7
1365 E Gladstone St Ste 700,935,Glendora,Plant Powered Bowl,12.6,16.4
1365 E Gladstone St Ste 700,935,Glendora,Go Half Veggie Bowl,9.75,12.7
